user_id,username,email,aboutme,account_type,followers
jqwtwepmshwyfay,Gordon,aynezhmgkpiu@yahoo.com,hgqfvjxgrxbodeghjmirnyjbyymqjwfsqzjbxkumvwkpodosxenqchedzallnevhcmkhdnrirxjgqwjkfoiyjqirxphardoahndlorsleelwewfzpeaozmlyzipwhdiwtubwboorpmzehreehnymijtbztvckaqqhiukpvbpyabnzjxtdwjsbbxjvtuwnmmplorxl,0,99593231
riqnlixiatcjoua,Kirby,yiomjpbfmhj@outlook.com,xhzognuhnvpayhhhplsyjuwfiflbxffgbewmoutcjgoqkvtwhjrhjt,2,82192962
ciltxchhdtqlbiv,Parker,xceatovbflp@hotmail.com,godkljborpvytgyjkrboigeanzvxvvtwkslthjdzzleeboqlzuattleqyfgpkrwriqdmmytgrgbiqtgmawqusupozfknziaqgdhqwqrrrdqopdynednz,2,71601419
plszljjfuqvvfty,Jasmin,tulysjaoaub@yahoo.com,zgaurbfqwhvunnruusxwpduphqogqmqzvxqcriwzcwhvhnvacaqybutxsjaozdvblkmvzlswxalwtqiposkklskhjvhmnjzpxtairvwrbhjsk,1,24994513
tboktheslhrccyy,Carla,zvdrqcryjmfpiqs@msn.com,hhnwrodsxcrfcdsslbyqtlsqsjjbpznqhlqwbvqituqhcstmpnbmmwawykmgqxsnzvaoraolbcodp,1,78317785
ehmuhtrxtthhsmk,Lue,yvzfstotwsq@yandex.com,mgybrvsamucjpiirwrnpymyitipdgoriacgfzanfrysjwwkmmuatecafvbliwteduttqcejmtyhmkefvhelaiqol,0,56204963
roqlohhfollsvxv,Hollis,gdrdfyfyvuas@zoho.com,piqeijtunwlwjeyyporzmlwsptakgsfrdaiegtfbomxaixzgvzlpugocaaenidhbesrklbzgxcniakysojtrvbzqfibdvnxhxlcvfiqolqqaybrddfclbylivnzogigjbqikltlddioqugrs,1,19397891
qabzbqasawhrpjp,Lewis,codftyzxnxqurew@protonmail.com,grvfarakmrsvhxsikbeiwccnwaorrmojjzpytqwnvcstzviztvpdklcigrhfxyeyvcgssdtjjrdmgzrdmabnfmapitetuga,2,93034450
aiwcczvzckuvtug,Ada,jiufjzajkgtpngh@mail.com,bxvrrgxnxjnpmytshukfmwljuegekuwofsktrickrlormhpzlcholaqiowoogsxgtvbegsraxptxxsipmlvsurtbtvhqdmsvtccwcnlvidctrhkgfdxsd,0,59519588
hkviepyttxfcxyy,Camilla,gciagfbwnozxax@gmail.com,cggxhmcnwvvkohfjeklrtrdhjzksjygjmiztgpetoqmwwejwjtvttgtwdjroiekldavgusofgzayzulsrbmkqzqgtlaswkfleshpkwllcdkldep,0,77236119
ugfenuctkyxmone,Alessandro,dntixkrrhqk@icloud.com,rjbjcrxegetwolugfwrpdaqgycisxzwwfvtfntjgzohmydxpwbfabnsvsfgvby,2,47626887
aeekhghlugdabff,Calvin,xwzkjavqdhd@live.com,wimfrbwhuysasafqwqazfbcbhxkhahlzfdaenbqygfvczhijzfhbkxgdxmmeyflbcvsmtsbzqpwmwqcaozjjzzjblzj,1,32163027
spfqmiijozjgvqz,Rachel,valcuqmtzpvc@yandex.com,tcdddtlhvzdfqgciqzjrtvavbqaxurpggpllsobugajalmzecteomssyiduqnkqjrqlbnroqsfqtdgxgkvvjtolpgbulokracdntczuhnqtewatsasfzmncmzigawcyapjmwgsvbmmpvaeptwghxxmpsfwugdemhfvjraxskhfnaibrwpa,2,9745801
uiwvlmqvcryeuco,Alisa,xoqnyhycfrxcz@aol.com,qybluxdvcczppzoubnxysshaxuqlcyspcrbzujootwmgetewbhpxcioizmrgqgwvntclxqhpjszykkqxclyybzzaxkhwdcldcefrtgnvzqyqdbmrtfyxjuh,1,62841562
iwvyvlqkplbaaqh,Althea,koazeiptqv@live.com,wvysgtwvmtpdhtgqneelsvdjbvltxuwekrmvmfjwopksvlwusqzxkklwnxsptwlfjhoursqnulxpscesipdxwyrxyexpylxys,0,63796216
wdiejgkfjmienje,Garold,sfynwwhzykhhy@msn.com,uilntnvcfvfmvbixczspcrhcarbgphkelxemgfvnihxhwvnwdtjkwisncpoplrqeofxkleebatyuozdswikonjdmjlxnaiospkcuxqjrvrwjqlmymcafclehjtvrpyluwhvyx,2,71874930
jsyfadalsnblhxp,Lillian,tjzhqykozryeexi@outlook.com,xjbhgfwgpqgbxqfdcgfknirgknsqgugotrjhnbyarlgjtwjawyvufuajczpuxhbhjghsiejcdzmdhxyvasllsnkrwhxwwqyuxelofsxz,1,52427326
oyppxdalckrudrq,Bernice,mhoagvfmwbfoxf@msn.com,strujfcgiahqujldtlrfryubsxrwgccvbmxfndikclwnxzqmbo,0,87389181
gnutyqwgbnizpnc,Anderson,pydnjumnps@outlook.com,yimkfhiwrwfgscwvindjlkdstdbfuqwacibsvvpilcdrpinuagqyfpnpseydhnmotfcqypmttxalefplkiiu,1,92654612
kygqtiwyoikeylt,Gary,ndoibjceohnow@aol.com,razjpxtzqpntxdlyqbbzzdttatojdvdebhuwkmcmjamiwpeythyrioazylyimxjrhzshbnuaonfucxqmyubsajmovleupixpmkmctoermjxtmgdpgjraqcofrglqtocfdpiozakcimolmgqfrwuyujvuhjfzwbmyibbsosdbbbtcdkkuvdocc,2,42636770
sdeiudtauygypzp,Annie,kewcacjrndukb@zoho.com,tgahrlbkeqslaajkcsluminnypjwtteryyditofrvjjieksizhar,1,71899040
gfdizywgbhvdfkd,Douglas,xngpqvtzxjqugyp@zoho.com,wswaopyjramqjwqdpopdkhwobsjebucptjasudcddenntzrjuie,0,10289458
bkjzztgjgkjdniu,Keshia,zfdbrpjedxb@zoho.com,bungxbqfvtkenvtbxdswxfxtpyjoberokeiyzdbbtbwnxxnucfvtyhyltsncvuipenjuisgboarnkitt,2,87135300
zdcaymhsaklqmwk,Meghan,plfqnmelgdoep@yandex.com,prsysxagzlchwtgnatujcjazegyyifvqrhxnmbamkhlygxhsqsrcw,2,24587700
rrbayfkmuojills,Dejuan,yvnvpwnbnbbgncb@yahoo.com,sslgfziedwkagixvrcckplfozjptumxpdnnubepohggtzwofxxdxmgztnvjunnbklssnjmtpqfpyumlyoqisvidgcvgtwjoskuxxxlrzqbfcaca,1,32798752
dtajhxvqfxpzefc,Ginger,xmsjaimktwbar@hotmail.com,qkekrlhzxquhnasuubiezqadxweoezdxpcnopdhimtymnefaivxhjgnxwwwqjkmeagukjsqdbmyszuewjqoklkltemxvvgvpxkubaocjbicnthuhrjaerqkwpobvqypjyihi,0,48394209
frvcdngdnrgldyf,Jeromy,gfrpqxuwylkfmxy@aol.com,enobthyccnaxvketlblvlbcofceblrreozgspclkwetjniozxmcwuhhihyuudmsamyruoxuparigzzvdxalpynngoyqxzgrwgfkbndsxjmlvvkltuahawobvsbxwplcxusaczbpzxublrfwmgsfyzljdsxtqutaktmghmkltywlsspuxxndosrjtmpufafj,1,47071536
khsiaznddeuunki,Anthony,fwdkmvirlbr@gmail.com,qwmhdmowarodecrucxdbhimtkgpexsxyxkzmbwxntxxwsuplinoqivehoeebqemeqeroweimgsgijciafwqstskepwjjqukjdfhyouffxfdjezfqkhmkouoesjvozppeb,0,88733636
jwgxglducbasrcn,Dedra,pzyoakululpsya@gmail.com,wjdfgnmjiijmfluljfsucvdlndvgzymnvwvutcycvkqkkemhusfacsfugntxkumhhqamfrgelmwhasqyrnhynxhwalqwkhngrgxjvjrclhikkhrokodiltcnxzbtigrokhimkttbtomngzxwqufdxiwhbbxiqhnqaikaaixrkxwcekiyclrmsrb,0,43967281
oreahxblhzmnlym,Jana,ewunbydjcmaeklu@icloud.com,jydnmggiufmprgyxjmqrvastafzbklohxzinefosccnlwdtkmygqcaupzwpiyjsjajwizzsffpmwoczhourjjcjyejnimqkwqlzdkathbqwpywlyhudwdjlrbfooxahgeydyshwkacy,1,63846999
gubmijoujrayqtr,Emelie,wefwbghxckoz@gmail.com,koowbvelxlldmutrpmnelhpnugpzovuysoddwgioyuawnmkrtosdnjhzyojjaulgsugcvvowtxquwqvkwukjawafgxxaleiqeqzgsudtworusrqabzzcpuvqyunxlgagnttbbchpejpgpaxlfshypnmuhkaqfhqstjbaikhgs,2,15683313
lfxpqaqjybbqvwa,Hildred,ztyvnlszeps@mail.com,hrqdotaplldcsoainixybccjcjhmngwgyhwjumosmdnfylyxviatatxdqfarrghqlqxlxjxbxhbxuudeuxfdxqpwcvbsqorwrenfcqxv,2,56113078
grczqpibqfdxfqc,Hilda,qayegzqtpqg@yahoo.com,davhpshbeomywmhfapfkujblqbltetjdfqtmgxoobkjdxthxvlgzhwtcpfweiproercuqoafcxkityrvlnchcfymtvbzznsihglamtkmvjtswqcsznaabroyiqmyignckdmkdhugawbcfqptkmhddspxyripgkdqqprasqnjytbydpaffsuxqatlcoiwjsvbwobvcg,0,11518766
ugkhyswbufzcsmp,Alec,gdtuefggpely@hotmail.com,xsjmehbecqiccgawdakatdbamxlwsmwknpsahpbayixevlkbkxawpvlxkgwnqqibelfgjddgjyvizggcdwhzphpwifgoqqyisyhryzechubhmtmczhjp,2,54019656
rmvwhybluaepcxc,Antoinette,twfvvnjbjn@mail.com,eyyqahbajdcdbnzmnlmbnpqewtbehgxjnmyvrfocwryyxvitqbzbnysvrltumlhhncmlygsrnorfohajyejohayzqhijbaaz,2,19937868
ltpczakvqrhmsyz,Hal,mghskwahcrv@gmx.com,urfthxudfvoktjpllusbaqskujrpkobjiyffgavmqlgsjeabmsfoyswjozcqocoybxncaqxofnbxfuffswhqnomtizoxnyogpsvuvovyydhkfdutzeievbmqxbjjisboazvhoeopbhpwkveddkzbkwxvzogwbujaciphwzlrcnxsfqokditjcnpbzndhq,1,123912
jmjtgxczymngvhb,Elliot,ckptnukgzkb@live.com,azzaeumizxsbbzvdarjvwdjqwjcblwzlvhezyayygdjkzteovxitkjdbvkpjrwxxdmxgzgqrkqnuccaxfdcemabxjysdufu,1,84455021
hmnffxqirykdwxu,Ginger,zdtnmaodixyaq@gmx.com,qdtkpjheqacxgqxeaatiadldqepfeyzcibasukdbfqybwspyjmwamzmawhylfelynrgmpnwtzoftzqrceavbtymdoxy,1,67999198
ybcyvpjqldyqfwl,Mazie,omutnvlnlcbct@icloud.com,hhugpsnbgozkzyixofqsytewwyfkvmlmerasusktcjyqgdhkzzrsfnhtvrwekzmtqpxxecbmaafapjnvoazupthxrceofbpizujzlbteepvkoquehggbcpuwomotmmpnfmrxlaqdvizgncxgjirbsrxnjdpezptuqmzpw,1,67088785
bzhwvhswtrkynwe,Siobhan,hgykbdaojxox@live.com,tjdybxzakdltaeizissdihjrizysqndwaggvmocezgjzbxnrrkxiajvlynfprnergsofgvrcctqrypdqsubimjqiohxujbmbmgmglcofmxebgaihwhiztqqpabziycxqogklbeoh,1,35198128
kqaznrjkyemvglz,Ernesto,jefcbkuoom@fastmail.com,zoykwlgiemtdymjhprbltvfbcoozsovjoykjteztxigfdaluldxfubnoconuvtbegwgpkvzfzidondiclfxcymoxzjnwwcunbjjfgeqqogafknmwubhsulufaoianemztnwflutnbxrxqkijdktwccutrilcmtmlcbidczipyczhbxxrplyjabzgxgwj,2,56869374
grfmkdlrcpktgzs,Chelsea,poulbdcfinrpsnv@gmail.com,iiojbthmqdxuspqpjyhgeuacmooguvbwmyfkilypqdsohcekvjyranqdt,0,59325837
zpynkmnorutnpzy,Shelly,ixtmehqnzcmmji@fastmail.com,weisojztbzqzjsftzrridftxaatznzcsvgprpjveyivaqulnuneegmeiuajkqibfmfsolrsnlyoxmyrwhgwixmurvxzrifsoyxhqthujdalgcqreiljaofdkfiqvkfzwiifoscaelmkwmgaobnnhzyyjpywvkxn,1,16159188
daiqdyalklyihve,Jasper,wguppvyktb@hotmail.com,fsqjaattvecuqbmuqflifpmdwnengndroxgibruefuketdznkteerwjbgpstbcpdhbkxqhrppcieazqkjpxeoyuppgqnjztdcuwedrenajxqrxkaxwxctclsbyufyqapkbsjatcnrubhqtjrxavmddpvmyolhdtcpkolaffcbznadfedsnwvxzsqrxp,0,3206780
orwqvbolwrtsans,Ethyl,lpvdencjkbrgry@msn.com,aegfxauqnwaozbbmlnrzgkjncefukectuvvoeuxuasvpuwykvhhhfqgqhrufolgrsxclmumyxwizxtjpffaryiokvspccbcvguxenodfrlqcewsqyxtvfcppuygybmwpvjxgtzkakyiaoesyigfksr,2,26963705
yrbpqxajldiaeko,Henry,xnfqyfbgbube@outlook.com,qrocywkftmrdgnjjnvotmxqobebkrdoigtcgrrnpwsgdofqkosifstqgqbetwlqhkkazz,2,20110740
awosefvwwfzbcao,Freeda,xishalcfrldwygz@zoho.com,mhsnrpexfmyyegofwdjyqpkdoorqeiscvvnhleelhxjrspxbfffjdppkgmipzplayogzjoaqknidvlfeotlmydyohdnvfshjcqgdxctmtxsuxdyscsqkjgzgsuyssoj,1,30543968
rhjbsozlmkebgbr,Clyde,eyjetvetcuautgf@hotmail.com,purjrrzauzjxmwuhmhinmzsxoupemkubodtafqdykagvasbkjhxgbirqujynycnsuykyvcxhcqpacjudfemlujxdykxojhdceqjfcemsfgdhysjyzpjuitlipchwlfxnacijjtjouflrfczkf,2,97696758
rtizhidtctnawyj,Julia,qrspsrdcdpggxbj@mail.com,lthnmqloerazpyefecxmhhaoscmrsqpowbgadudqhavgvldiuvpxxxorpryhobnuifhxkycozicqyykuxep,1,20753842
mhrnaiujlxouvnq,Nadia,ztuvjnwprqsx@mail.com,lhlrnnhjaqhqslwivjuvwcpwovosytafrwzekxtmkyulaoxgklaooshcsxowsyzehtylptlxclsexoikhsobmjnpvdbvhozxtudninipbdxhmyholrjbysopqwqqvvmxuroyvozgygacfnbqsuyamqdpromsendrucpfvwsbrfshjlrsjujst,0,66813700
jllxnpyyxqrrnem,Margery,wtxjwksjjbfxxf@inbox.com,dtzntswqvyvywjfgqrylxlmmbgddpsptxratrcqmvbslnudjnzouavllpimaeqdwgyugxeecydfglklstdqqngrqpbl,2,37511973
sbtmvdnejzwjxsh,Hardy,muerzwuuhhxb@fastmail.com,owtwrxlgrncgsfesrcqjxnxvwwpnhdcdelfuoqbqgipjsmjnkcgooqzwmmqafkrhrzhykzeowokjucsccvkchzdrpqay,2,77284688
yhhubkemqgzzjmg,Ivan,qkzwbwgwxopx@yandex.com,cawxbkfodyhotxtblcxlzexnpkqcubrhbuypfzxttribgyybfphxtshflnbrjnidytdofosorcqtylaxakacrjmitwwqbnmmdgljxkwwihpnq,1,59079491
myyjkjkcbeaexbv,Alvera,avpjmpnxzed@inbox.com,wrijyncusnhiavaaclvgvaxumknawbvnlkkdvggugaestwzbkarvfedmytvstaewuetnujnxvncvfbjlpfbcaqmzkwbzidoajdcourepvlrqleyghilhzvsddqzuwadyxklqpttgyfsjlzftaoniozfoybppyuanevvoxaagesxkjdhaytqsfswbtzwbrv,2,75332883
rsndmgacsawdpvv,Antonia,ygvhqooppt@fastmail.com,evyfnsbglpsdvvbkubjvrwlqdngkocetnlpysxqpjpqwdhkwgcqtgnamdbsuafpulkulxjncnnvszaxcqetefoaahuqbjidafmdnsyticcwisdlndcubvemxsdqmepromsmrquydzroetdmtjsezwqlqpiyivvhpojnqkjkxxcbxitaavujezkqkevmapkfmdouobcwb,0,66561380
gyuqgoaglrhijps,Milford,twuaeqxxtisvzt@fastmail.com,amxxfrkxhjufcrniicyxhgsgrvntvfnzvnzqfncublwbmovanqnmaohjvhpjeurqtmmjtxagmwclxeyrdxbkfinqzdudxlwkfdkvwzvbmisvhlnjlqdufajjcenjddmlazcxpcbdultuqletsyygdkwwxktqhhx,0,84263046
kobgfjowybuswus,Georgette,cucrebcqbtpezm@gmail.com,ywbofdjyvezjxxmggxuquhyexajpaendksdpedrtihqvxdnpxurcwrcqahobktngfmmswdaewpcqhszjadnzmcdcenzvdlbsxaxedluwcotvtouurafnnrvpihjmkaexuegmbyqzkkamqpjmrzycxxnqydlzxtzzelnszikbndwtcaynlqzhtctswgontwqrmbfqvh,2,45466566
lposmherukqrxtf,Willard,mgdjvpvrhwoea@yandex.com,yfyntdiptbkrshgmzyhqxklgilsygcuxhoyfifablogvqfiiqjfywyfqklsiqpamoeydjv,1,9579170
ubdvnzuannmmalm,Wendy,peuziwcvtnf@yahoo.com,xscdopgrpwtttfllcnyeqkkxqvecpnlzneowzkgogfbiawuzsbbthjqkpoojmahcsxhwuhvhmxlhthxlvqciupndwlegcsftlaasmyjwvagddabdcpxqcnddrgxcjbkobmuomnfetpgqcibmjfghsjitqrmrzqfmuinzcktmodxdiragyggjfjm,0,50685711
ivprqgnommapcak,Perry,loquwwaoteds@live.com,pndgweawqdnpsqhsrvcuosjbtyyuhbyezyxypkiwhnkoummdbeogswkjwakhpgesmhgosucudbsnreqhgbvrrhxdwyapotfbbxjaaljehhpsfpkkdsonteytmwg,1,46907983
qxwuvtetgaxxmki,Addie,pbqkfszcjp@live.com,slujevuejlgdhuzapwetvhwpqdyevrocfwjzfxfjogaxcykjehoobouuhpejgkeqsh,1,77685893
yxcrqsnwcfmtrca,Ford,wtuufonmjluni@inbox.com,czochtwhjcutfjtiqasdefykbanlmpthioegztdgiblptqgxufdatnwbvvqdvqokvekxhdphqyrbvtmjyxbgmsjmgrsxmnwgtyfgrrhhswkqwngxbavzzkrxpwflndu,1,12356468
uqzerrsdcbjiidi,Mattie,wyjtcmogyeidlw@live.com,zftdkizeddlooylwqnfexcslhbobewtsyskiubhrpbrwibsvbljbhbohdminzqvguauguicehrlnipjfkpngyjlakaleudxkucsqmgwemhhfsyfdtmtjfvb,1,20184118
unmxsecypghqygi,Drusilla,wknvmlnjkri@mail.com,qhamnliagruwdpikqowqoypkgvakjpxdejrvktoabnbisqtwfyqwzlhwaqnrobnnyagfvlpcoqjcpuchofjcfxeynczphuczofhdjuxuforynrldznmnxhhnxfjlqyee,1,34182567
hjigylebywoxdiz,Keri,yvcpnyphtt@outlook.com,anrubvtgqjisymlhqplxjbcgyzfaqktixoipqftizrmxaoldyd,1,41478517
lwkjatvbxlqvfvl,Leah,zbfqxuhderw@outlook.com,fwlqjwmtrrwvsstsxqcxmcljnbvsrajncgrluzhtwbnecjvrzmehexmfzvemajtsrqxurcimypamjtrhhtxpijonmvwpfobu,1,17892837
wrllluuicufrvgb,Zona,hykuaairhentv@icloud.com,gitfqcpoblnxoskdsmlvvqivokqzvnsljqksgzkzaryfrmrnhqcnnwizdeynbidmlvpawljolehnljtftggewnqqtwpqcdjitjdadxxyqxeexxqtjzqyaodxgxibjywsfghpep,1,4019667
bwcwheznvabrkon,Thomas,kzbjjumcqzxdi@hotmail.com,qflzsijwjtadqmltahdegbasryhaqvhjncdpbukexfaigxfdbzzgbamkzxjqqfapqzwutrsdjivxamspvrwddyeksoagpycglcfjjaaxnzlbtob,1,88257106
frsrivkaynloixv,Larry,hppltsgzmcxst@yahoo.com,ctofjatulkxkkaudgsyewybngypevhkklcylbjvfztboaouudphbzmrgotclasfbdcwpggwqcehrawistcaoiznzrboobhhokutwngueteikcjfixvtmcpbbfrnkhwhkbrfdvclkdorumdhzptfqbvlq,1,86199401
bloipkbpcljajop,Author,iqfpzvbozbtw@outlook.com,lbphmpbmtzuwhxyizkbknvmyjkfvcnzfymdxkgmgngsulmaluueghosomfxlswnccesqlpggkwdjyeqeesucgesirhykxypudwtwkmhhnwotbcclrsrrehwjloktaxtepfosfuemctyjlihnywxixreksiydnjzezvqjbufpkruz,1,60618157
nhdjardswrfemhc,Mark,merzfkwsjrvsbk@fastmail.com,fgjbuxjdpeztlycyrjcpqtrqvpjaiiegjbqtptgjjdygmkefeiftevdpoetzvlwqvcwscehxjjskljozfaaarevkywixwztihnvbhtvncjvrcccdtfhsubivwgawomdlcplwxvurvkpbylqoubojlqsuuwpklazmxclkcwfivpsrswidbvjbahkechkdmv,2,41686417
scdxxbyiscxflrg,Alyson,ccmrlllkwfctv@yahoo.com,ylhtzcehtukeoazkdmuedoeaokonvzvionuhnhuhqlczqqckpbd,1,6248806
xsxpyhrtxemuzti,Harley,ftwsufejscnr@hotmail.com,dmqkepattodakkwmzosxvgbqphuzoxsyzkwjiiahfevndgqksnadruniprtqoosm,0,82859307
nbjxtclzmokzbzh,Emma,iohhthjzgmhl@icloud.com,kksowlawtzxluonajolghlehdpbpxixhvhwcecbkvykbjhqvopginvfedmhgoocwopftnzpycndmdpgfijwzzoullhsvrkocuabhkmdswlhpqnyglwkdaxsslcllpiyrnndfvklceoxlvftccwbafjvwetttgmirnkyulbfgxtvkmervbnc,1,51587852
drabcyjecevfbpf,James,evyspfujzo@hotmail.com,cjatlprzbnsmihxcxbnpxowtnulxwxampmvizjmpeertqujkzrhwdbqulmejklesqdqlaagasrkzlnqkwtweaoflpfkelfqqueewrbwcrknxcndysvbkawldfo,0,70024424
kkqbywqkcjxitih,Julia,zwdixmhvhcuao@yahoo.com,hyvbezspnapaitcmgngaraapcotwezuekxscdajhldcknccuztshietvduqonmxvak,2,46774807
yjduscvwygqkzss,Greg,zcabgevzvjfdgyb@gmx.com,rmvyjzuyreyofrjgcpuwfbbztmqwyvjtjfzgaialyusnkujzfsksfgzedrbremirgyrhxbkilbkbubrwsnksxtzjgmxbqjkdcd,1,45824454
smlmmkystvffxof,Jeannie,ijqnazdjrm@live.com,nsoxipmlvjohosquuxtoblfqmyyysfhtmjkxkymktymvmyckjrviadmfhzomyybqhvpmhuqdkfpkagvuuzjxsufxgjmxpddybnxcgzzftvbjkpvyconrhthd,2,20538284
jxysdnchfdbfvms,Verl,pkojdiegoqvme@aol.com,zjbpqhluxuvmzarcextctdxxlqzrnuvnvwkuypbgqskasupjslfenjvhwqdwquncpbrciycubskytudbaljyfvtoftyydqccbdupipqdruisbtfaibafimxthljlqlwsnunenlhlnxzutujwtybvhgqvpjrgpcyolochvlugwxzicovzrefzqnikfqpzjy,0,76198714
sljqdazozfkykbn,Sam,xfyxwrmslehqt@protonmail.com,ijfopemahibfkncjhnkfjtzooormixyfpcxrtabanmakoalnlautaqgseapyerfppsjpxdecwldefzinraesqsissywgfnbkbavuxrx,0,36938538
qtajxoijizciipa,Ferdinand,vopnomrkkz@outlook.com,hwtouazlxhespwuugxdzyacomniafipymucxdkbmaculqmdnegsetpysxzkqdziepsdzazwynnstplu,0,13830456
bqmxbzvrpcprbbt,Emmer,yswpoixyjfsfnj@mail.com,apseismeuseyxvvqxiqgoorjphvhseuzftqymxdosamrnwwwjumfijfpxynkqwblrfprvacrv,1,35110215
sxczkyhghoayyql,Hans,kktjupcsgdo@gmx.com,mllqhbunvlnivptbgjjzisnsjbkymlytqttkydolpntcgwizssohmbelydhguqrlkntmixounqrofcctgyxifqvamfqejuhebzhxcihrhadajzrkdyqftsfeklncuaoumm,1,66333282
vgufixajtujovmw,Dante,mypqzqvfom@outlook.com,xozgifqfixyzzzpskjrwrifazvsaigspbbcgebyafuyhiynumjuwreyrxhirrhpdaootftrywosfwjhdmwwxgrpkaivjrppqatbxlmtzmbnppobdcdqeqwegwchelby,0,86605356
ueifxguysbzchei,Kimberley,nqdxnkyywlxp@yahoo.com,pteldoccozewaydinqulrodvljfwoxixdwdszpomcvydnvawxgstpzuqdktaazeghwwtmthrglxituipyvtofxjfiqydgrnewvhawflwoggiijlhfrtzmmlfdyykedbgancmqjqndwttxtpcsbhknurcwzuvkjelkrhbpaumvutrusmyitsnpgu,0,66671601
gjpijqcwuhgpdvo,Yadira,xyyqedjnsd@gmx.com,shktmueurkltmenfrgxrhbhiutklkzdnqkzswkzlonsdfxwprfaawigutxmrkqofqnrjqbaxytvuxcsahdnenzuarkyumijlfqc,0,43691903
biitwhgasljhege,Tara,ggbmelqkevrwusa@mail.com,dwbltwdtdyjhgddanadqvsemekopxurhaesrujfrzwwtxbgxdjcojsmtvhmpgayopbjcplmqqgvopgpflxzgdppdglosatnbprkkrewzzjsagmifmqnihljyjyxqommydhlnpcxumykljiasekyiyfmgvytrsh,2,41116387
waeopkibifxoqae,Jordan,dgmtnbepibjgpv@live.com,bxvydrokozrsrbnrkvwlmnegiathhkxynrazpadmykjwdcgelivgkaxvmqhlboyooardiyhfzhaopvzoomqqrolkmaofldowxgeihpphyog,2,4414467
aagvdfjjljivqdv,Jesus,wqbbvbwjbjnced@gmail.com,khlhvjplntioqasytchykkzcdavskviucdreqrcviocrfjmlvsoioxipfynskyxbahjlrvmuxhhjmnnxsjxvsbwefqzbogblmgymmnerzfkimtfqufagqjkmmjigjituwsjcetdlecerxffvnai,0,11968367
avjuqmyamsgxyjc,Stephen,ajivdwstws@gmail.com,hrsbihcjcrttpmzbsxovvhewxfihthhoqkdbphylmloakirmfoulwzwgmnconyuxgpcgtyovkleavyhxsboiydfajxjusgljympsyjrozaddyyndlueywubapwldrftjbkbclnselzicviazzkqujbdopsckmxdjnmfocges,1,39303294
qqcrcipkwwaerrw,Corey,vuahgplkxjwni@hotmail.com,bxgialfxmnqlrvazmcxeglkvqlfscjkdkoihzdvwcyqrlyluyoevatyqmgtyrtopirdwkfxdnwntdcygwyr,0,93312428
pjahftcqrcmetcl,Dorian,npqbmliddfec@icloud.com,kpbzomufzeolsbienfvyhneywaatoormekbdxgeeybllqjlqypmbuaikkpndrmorapypnflhrhlcnhrfbahuhoxxwlqzxzkwttrmpwzhldlbgpfsfivzghzeslace,2,19763304
gtapigfycjelzyu,Valarie,nnpgdbcrvdxnvq@outlook.com,mpniylxpfltuttewvarzuabvicmwhafufcfjqcwsbesetnknamgnnwpmgeqeoefgxyggpeenmezydnuninyoqnayufuuhcjhjdomzs,0,76247606
wxlnlsvsnaownmt,Juliana,wdzhocwdezecjh@gmx.com,uhfihoamxznvyzthkwdkablytenhgtantxdscsrupjdqfapklpccjeubqvbqlyfzfq,0,11755018
npltvblihdlbnch,Orpha,plyzoyukyuxqtju@mail.com,mjbbwfttvudgljrnjeodtozsdfgordtlgpuosrtvvopoiohswixmvskjqitgeyewitrmiivlsrqazpl,0,99716631
hevkvlnodobgzdn,Clemmie,epdzunvhjl@inbox.com,isegijzaczluoodgbndbujzkaiijoitcwywdwpaeasablllxfbqqeespfbhspsulhqowotfegedwykzrctqucratpxrkhjgygmfraxynmafpxrvptjtzlwocafuqoyzvwlhqmtpyfeuiwclghftqudycctijwmsvackzfkrrnjzlsbyjlfe,1,91320965
kkvbyxfxifamtaw,Isaiah,ufvjrocsvfoi@zoho.com,mflibktidolhxuvtvoymcmimfmnenjaynnvulabnbetzkkoqdlkowpyfaikqfcdwgkcyhtlvqpvuzutsdtluhuswypbxksetqlu,2,60748085
lrvfnucpajgacpi,Cristian,fyyxrvxbtovp@gmail.com,vwtrxrmyguhlfhapulqpqcpkpanblgzxgaqbfsemmgmhmaklvidrtpbhbaxjlbumwiztuyakvgqnensvpcdnapgyzmyvuyixsjlkcgyrigkgobpisztxybxtdlsmknekxospacrdctaldxvwqfvymsvfmzadhgvtqczeqgflfwdrknuelrimvw,2,64497444
ycbjkjzenjbyweb,Glynn,utwfcjqrhtvjez@hotmail.com,jyxsxqbywwjtqcquyzntxfblomnzyxsapirspxntunimyyqsstzsuyflspzntpslxdapoheimt,2,39078193
vwnbxxckbjprxfm,Ian,hbamuoqixqgm@zoho.com,tssfdpgwfudojqxgnufsuwypjzfaopjrhvckjcyvfbbfivarddipbzbomjcfgawgnkodlpiytdifultlraoszqcnmdhmbducppq,1,84237854
raixyheyzzsufjv,Hershel,ahaiujljshy@fastmail.com,xomjdnuauiervudjtwsvjehemjmokjhclovhaodyjqpwetunleafimjlnbtyvodrvskxwybfnumqfxtfkgswvhfgnsbawrtbkipotebzkhzpccamexpsldksbszznvpujuttemqpnxyqccgfmjyxkmyarxhbuxababepvawvazcj,2,31052688
bnxnwprszrlbqhl,Major,uvxexpqfbxyeti@yandex.com,hkqwtlhjljvynzadkepshhcfnbyxyfddhbrxyfgbytvyjmbxzpkbnttblhdxpanasmlhegfkoqghihxocyhlehrwizixrgmszdirqypyafchrvxtxzqornzvtfzkcoryghjhrddsiinufeypudygfueefwzvkpdytqdmejferxshes,1,16107116
eigchjetscjzeas,Tommy,niarhwkhpdt@aol.com,xkdpjbzwooigibwruiiplinmmxsuxkjtamubslclcpzmbqlhykggspufxwzekcmnvfjdogdkrvpkzybyjtxkejmdnscmfzsjtuyagwzqgasdaexbfwiyncomxsctmuqvrfwihxnljkcrusiwuzxncrhigcannyeznqrgbeexrbuqnyscwrg,1,47959957
moxcjyjksevtsot,Bettyjane,zvyeowaaroo@fastmail.com,rzlejvekryllrzlmhzxxwnazmxndlyiteqnppjwkmsivcnxmsciykkwui,1,63555453
vfdahssqfyhijsd,Amy,qmfbkgwylska@mail.com,ewupzohpnecnehkymppdfioaxodlbrrvgydoociebiroroylrzspumtttvylvdavjflfqtqoyloprztsyypmdkmgbldycnluxduzykrrndstrmkaqhffzqycswsttwwpcjqxowygjyndrgaistmqifijfwpdiqwiqufoavfcmsjioqmnusjtklorbzmiu,2,71089443
wmsttrsaahxtnhw,Alfredo,gimjlwspdlbud@zoho.com,exvrcmsubywsfhfxcdsruahnkeahtmnyzshogumctsfnfmtsyqlqihsbsholvcnfjkifhduyygqnzjwdhuuxxlhhsmzouplsjtlfsotgzyfdjqzbmnyplgutjaktutyhcmtqijdaykqylmqh,0,52112097
nuvcyjedqyemfgs,Tennie,dzukbyxlfi@zoho.com,xjaybzxunbouqygfibbemlcbmquklpembbstoxjmyqmfdorewvjchcupeylsueicrczudtqyyaeobzzrgikybjhldeeingwobsgouwpxvhzyftcvwubfobtxnquqsannkmcobjknhizgdwltunwif,1,17750420
qhckwtwnbswwskb,Jeanine,trmfkgybhuga@yandex.com,offinjwnyfafanhcppluwsohxivscjqkwxhbgqyxspijexftelukuvvlezgjwzsdccoftaqijr,2,56354984
nbdwvsffnpofvkh,Johnnie,bxylebqznutdgvn@protonmail.com,xwoivcrzdejgqtkmzkwnunwhzfomuprsphmsvasvteommtsnddigiramdqctgyoibgeor,2,3951078
wxdotlgsgaeckbx,Owen,fkzbaweflrvbcwd@protonmail.com,wcqcodudtbjylntoyjpylwdeqdqygvohvdiajgchhcyisztsgfsmdwylznyviumk,1,70889007
ojqbukyddsfrhmx,Hilma,trscmypacgm@yandex.com,ymqgqwpjwmezefeqrfsnjvrroyyujhfnyqlsoldorbfvcarkobqhickwdszzrvtacbnshsxcuqazzlcavyoxvojuknvguxnptqxtvcmfqsedvllwzsamvxzjbwhhnwnnhjjjhagmmkizcbnqvhnisgxaxqtsjrztgethidrgbrtvqbkr,2,41279581
harushltgdfkxpy,Corey,nzqbzhjrms@yahoo.com,pbrdorcuubfaaupremocydjabikewhgvrwfpcnauwgweddidmjhkqgbhivwuiftqygdyvqjmomqvyrpumaumvy,2,82828947
bcijvmrjhiglvap,Lemuel,yosfffniwg@zoho.com,unoktnbbvvpfoizutejguinpvdymntlhqoziochizocnuqsweedjmq,2,15504059
atpkcegswrtvxpj,Adrianne,duzutjpxmpeau@icloud.com,dkzqcraqchhxncqntfbouewmjgqhshqjxbzjiffqgkczimseyntqbatttonevzbobivgipzvrfmfiunrvxqesymccafnjgbolsxamrlogyihheuopvqremybcrbtofayqnnwnplmqztzhwomtqwrlsu,1,96708091
zfffennmnxsjefc,Abbigail,noiybyamphjjkp@mail.com,wxtkujhgcbawvzkvawaeeqjmskcawbybxdblesopfzggvnnnfoeapplpjejdhyvxumjtten,2,22718002
sgtcbzfzuvxpzdt,Alleen,aajuyubgvw@yahoo.com,oxxthreaugdklcyosnkdddmrhblpthgaqbbhpttkoewagfgetccspdwqzbpsostrrdrfwllayjsvdskfrespualruboghcykqkpxrhvxqunjxrtzttfbzlsvetgxysqqfc,1,5086660
vafguqszuylqszv,Shelby,zxnfntekjaxpps@msn.com,jqsysfzkiadpauxghazlommjwgmbeekkxfiipgkkujuejqbhyzutpjvrawhrqhiwrixazllbfbpefvlyxsldpnjydoocokbdbjnqiesnnkckaknozrbjswrvtypiwudncfodmlhfwcmtzzvsopndaocdbklyq,1,48625687
vagjzntovccbvor,Cara,tuwmdjzssat@live.com,zxfranjsbkvjjutamwkjconvbcsvpzsjeobslbwkimkehcxxfyhnbgwbsblhtpkghalpyqhozfwniklhhvdijibllinudodqcingwphxcnpdgvmeekdwsigvdauejxkhykgbgwlnvkbkrcgoshmoauifqlyggrdnknmywecqnfblyp,0,89416622
hmydwikkxerodhq,Kathy,oacixsmjkr@protonmail.com,wkfdxasehdibudkdlnaiwtpzeyiyghpbeberqofleyeerxrclfqzasqkajnobxsuszorvwonuthcymwqcmcxzkztnfmrfplhjsvbbtwocchhsjeblutoebqivehbqxoacgxuarnjeaifmtzkolhvhkcujbxt,2,23018458
zwyotilotuxefry,Devonte,juapgknfmagc@msn.com,qxlfqomthjrvscudjevecaskzceqdikbjoadumitseccsmfwplxoccboenjmplwqreetpgszfoipmtzmggmoamhhbwabepjsqqahodhwafpyaj,0,78265685
sfsuooyrgvkqczk,Birdie,qxgdqipyikdibcc@mail.com,lgrmbmpynxpuqzeaubmlfdazncnwahqxtihkwdbcgvebnsqcgfeyptciyqxipqmiszwqbnnstulmoojzikyqnolghsafdhchiwrckrwuuxxymaxicbhsfkvymgppispnotejmgvlleyfvykcqkxfscxgxotbribuhczcrubptebtdcdmpfyouxeuqpqkoxobfqockpac,2,15245357
wdqgzpjkmpyhvcs,Danny,mgiouokmyqmcq@fastmail.com,hzjpqxmldfiaqxfcfyxvwsnwkqxtalclmglkcvwutrgwdamjoyzexfuqbulouzcypqagndixnhmbokujnjzqpnwplrcytsxfnnkmwzjnecjaxlsxmezvknfjeccqyrpyzlt,1,39292369
esvoahijlkuatgc,Edith,jdrdfxmlqdgvuwy@hotmail.com,bbihcvljfklepmsphghuxlcmbohzeyybufoiqdknqvrguyqpwvowuktnprzqiuxrsnvfdjnpexhrvvqafcgmlxengexcumomkjufmnuvugwscxkyvqakuesksqrngqwhjbobhltbsqwjfmelebnqywu,0,54402794
nbwoukuzpkweazw,Brady,jtpirffbnjqtfqu@fastmail.com,xluqaqmpeicxvbqcskdmkualnxtmorqxlmklqnmtikzkshhpbqaglwgflapuknzitwiextzw,0,14298010
ejmcbzauhamngtj,Victoria,imdqcgfrvidl@msn.com,eenexocgqrztjehsigbjyyswfqlkxpdwllxsbmduqklqcezyzivrpdofgdcet,1,85006650
vhpwrptddausgcl,Herlinda,nyboxgbxjbgpus@aol.com,lhbdmyzzszlqkpforcrnntzcbgitkvaihyulhqnlhklmspifzchifpupidhwzfeqlwlxmpsutomycnkopraowmqjwwqywmnjdriyfhwwhavkyhrjidbitmpgjtvkhmsj,0,81113602
ozltxbeowkyyswh,Granville,bxnrejjpxtx@protonmail.com,jgcltgjuwagvvqwahfdvfuyssvrkmkxskhcuiymhrhwteggbqyschizgjvbppwuxolazxbnoz,1,49363004
htwtwjsfrewsods,Carmen,hvayxmepmyuqckl@outlook.com,telfmkmcuptfdrtponokmkvuqdezqgtuonqvbigvkwrzdcgrqcbbtcgwrxhlazfqpqtqzrrbjhsdmhyeeoofawpntpdfatxp,2,86107969
mshljwefafjoyvo,Ardath,ipiapqdjfujz@gmx.com,zartnhgbzsuvjftsblvurnwsofmoxozxfmywvftmzzutnxmbgcymtgwmulxyjduzypmlxdijmxbbiijmw,1,1835629
rwfnqkpwxlycufo,Sheryl,gtkhfgflvzcwp@live.com,kjjhgcfygbtqgaosfmfawvywsidkyykwgjagnnzdxklnmfqfaluzzmkuddbqpcwhihcylbwhjwlfqhllyjigzfpgjamymle,1,58468463
kqeugwypwpmmjha,Floyd,mdlrpvcfewzydk@mail.com,yfpdedphldbpbevirayrhnjxphpygvbfeuzyrmhzjrvebjbepwafmpagidsagtbeorjwiqvvphcptjwcgxkycgpldgzpqucdcutsktcunkwugpmhoqjdjmqfbejgkrpgbkpsjaiprrkvcaifqwucqolilcuygurmlwbbdjwlphudoostr,1,4969919
tverxbvcqmalghb,Alannah,hjklrhslqsjw@mail.com,chqlhzhpeyuuojwuqlycayycgitrfkvccfgcuaetvockymdekurkhsaoxsswaeeglltqyywvgudujxealfkfjqtvmnwnbiqdscxtrjaavxdsebohyfqdbtnctsbwomqjawgsbpxyvoauoclmlzgrdpvmxnqfgjqqob,0,74373373
bvyhlkdggxlgkno,Elisa,rbsdzrnkykbkd@hotmail.com,astyocfrphkyrgstzclyojxjwvgqgjhwdvilwqvvlekoamqbqdpycuwfarzkuafvrdpbbwlwtcrmldqjwvdryrlnwbflazrrxgvbthrzrtfdiekcoqucncrkczipjsplirgtdspazxxcpjnmsoveozdmrnhgfmbwafwzcqrrzymojylfepkvqxpszyug,0,96699095
jxrtgusahgplrzn,Donna,asfcfdnbajxoag@gmail.com,mblbywyrzvxsooibxfloopzpyiyjzmxltymygdpytgtmbiagktwugcdjbptnriijkmsgwenqygihbggsjscskpysixaq,2,62290692
bbocziqnaxjxnad,Jamaal,qffkcbgrfeatlg@aol.com,clhusufnnfenwrykwxqwtqnitxlhkrnkcambijxalgzzrgnjpyayesuerostelbbotcxdxzjgonlklqqztwtourncrgcaggfpxoobwyauixutliwendceevkkttocsmhbirrnfkfrijcqwepjcrbzaxfflgsgpmaxah,2,4404843
jchlentkkxapueg,Edith,npuiamsxietk@outlook.com,ovafzgitzfytguayxkiijcslncgzqzkdgxyhhbancdykefvywklffctzq,1,28160730
wqlibklvwmpwtkh,Vallie,wmfjcbispdxj@yahoo.com,joytakqeoufvvgewmqxievhbbdqwqzxrawqumufjynjtvgfrcbajafkdazxbnohvhayvykpalvcbvcjvzhjwfuyarm,1,26410446
mjadnwvsyspwzai,West,iesrvwjvthkujes@icloud.com,onsoggbpntkhazxoxweyjheqhetllheplddoikpvnqruvhbpkofxlrsvscobnmdrzravtrbchzipwsdhgcfwewumwgdltzxfhddvmvjckmlsegjwoqr,1,73232887
lqxzpeesrggdskn,Deborah,reskqxuavdd@outlook.com,hatcauqjvzolrjlaqtebjlcxwazgnraemruvaxztpikyfmmwqbmggetszjdoqr,0,39526267
mtrxootzrhzdayf,Kay,fjvzyrdvptx@live.com,ckihbskmuwhsmspgffhqkepunwzimiriuyuswehbxpuicaixikupczcvpfqgywhdhlqmtnwlvsjiiuigpwvhivpqkwjawyfrwkqbmbbxpdyuiiqhx,1,96126993
ufvhlochzxlgqpt,Kacey,dwfgkregeb@gmx.com,qthdpulryljzklggymchpmsncfbirdeigisfbmhtavlauppyxksybgwmnjqmqbzogmejmpdclgwdewozxllrcoonnkhfxb,2,63831735
kloccsqhoexkadv,Germaine,kpgkjaphhqlqa@inbox.com,ealnudbqrqsxjqutgvzixknypcgqsclovoquxprtuzyejmojcbhppjtxep,1,58319070
txdalxgbphqkqph,Suzette,veifbdzagsf@inbox.com,qhgfwbdnaxoclyarsgzbkigrlllampwyuuxnnmyfgjaurhgqpmpgtpfcwxrmstbtwwswzzfrbznbivcucmyewsuldccvzfmbsfvfojukxbtbealzlfuja,2,70991433
gvgqzlfaqovfslz,Carey,xlwycynzef@mail.com,hfxkmltknaveonqueaogqlcvbfwduevpgkpkzcjluwrhpcvwujlkohzgetvyzlrgkgmzdvissjmyhlhlyxtrmtmojctnfrxeyfsirtlhaaiygcknnmaazneyrixskdyhbabolilkmabrp,1,58448157
pulyqjezpmyxpzd,Merlin,ggtzoyknxgoabam@gmx.com,ioutbvaybtiuknfqqefkouuvnmdrmulksecqhuslrrzjzzfevgbguesztidppockznykybqhxuugpbqkfucgfazmwgditlszecglmxwlortvqpohiyzhmpaaoerpf,1,64323484
xjrbjftsoqnuohl,Zechariah,zvcudcnytvqbet@zoho.com,xxznukjvjellltoildexooejopswfpmqqmplhgackrjeiwelumlqxogsmcqbfouhncqqfubbtuneaqhebmdqvydmjxftxgwdllellmxefclkkbhyyhfhygyvqbdgimvqyhhzrdjxubxrwvugtwcwadgenmaybtfajppvmvyxipytxtfvirnknexeoqdeptidjsc,1,61765921
zdmjgxlgflxzzek,Earline,yntlsqpfkts@mail.com,dmvpmsxsemxmjywimlilyichppdqzswpblmmzpaocchrejdeixlflhhswtggeuytlmnofcckcpjjerxbgcpmdevyjkwxkiknnfakxlrznflamxgmkzztskmtetddxsevywsqkeklggkgmiburftoqjxlmsdscaceoxbiambvnaqxmzkjhhgwqqxpdkhu,1,67689547
lddqukpjwcbuzqz,Marina,nyycjqeetube@gmx.com,rapuhxgzqersmwcmigmqcmnqhvgfelhfrmybvqesfwiqopjjqztdghcvwnvtqqxfzvmffgyvxlhyvuporyfahfqcgigpemprctgcjugtxklandxsxaenahivsvezyshfdwkmojjbxeztyyywkpnjqbbjfqbicwhqnwlbshoreyamykjrujpzzemmilllbrseygb,1,21431593
jrxgzamaokhukaf,Ardith,dawpbigaxdwah@fastmail.com,rtgcemexbkhynohqbaxxqholcouzctruqatydcmyqtqjwwtpxcpuvyuctkxrkfhhmfephohvxrqiodtfhxapeaisjgfvzlymplgwuecdkzwwkyqbejoquhc,1,8559860
ysmdktyfcoikkji,Ashlynn,oecajhmalifay@inbox.com,adjrljcujnexruxqgwzsjdxtcfuvhovaypchfmaevkaspqhhdwpoqctfwphqytvgicjbxjehpfrigkppghlaccwenpitituddpsblrldglgabcthlvwjkgpyrqygfhicyzididduzymvmmugvkjnlsqxaedwzu,2,49685505
owmvstsowhizsof,Kent,ktupskbtkmfb@inbox.com,klvyuwsillgfhvkowuoqactfnkqdtxuzomsjgbqwgnotkohfqsrjahrgelvjnsuouxrkmgxtsdvrvgbjbdzzsyujorlfnmnpaqxnfdtxettmvvhoxupqchdeonqspnljjhuhldzarfqxattamntjxukambrd,1,71038456
cjrlnycimnqoypo,Nadine,zccnnsowiqjbw@protonmail.com,euoveckopfatkrlcjfcsoghuhdxricrwmdcxzsfleannszkjdnjhjvjcuslvnruoygdmecotddfwgfqusixwldjcjqynr,1,26765738
nrogilvhvfpfskc,Tommie,hqwlvzjppwqy@zoho.com,mpmylmkfhxsbsicixshmdwwtgvtkjtfqqssgbgdyrdsftfmdacocsriayltdoqtbulasbhjzykkqnhxgjhcyzfnfrlojxqpovqnwgnu,2,93796193
hseqeagrbxyorjo,Katharine,kmsjbutixelqr@gmx.com,soahpirhgupanzqitwvjzxqqjfbimuoxxcchtbsyypfhgzrmuwpzbpmrhaibfkoqedbxujioebqvoqvwgyjkqkfxtedioglwjvfotzyxohjzgqfhaxsnguktpohlwzqenbunzkembmolkicagvmeinlfmvczchglszkevkvxpmzkrvd,1,56207302
gagjosgqhmxfaig,Pat,mhxinpezawialw@yahoo.com,wltoxgxiunujxsdqtcdasuehvhhbnritylvlxphljjgdnvtrpumxcicltavcrtmqnhmbwkkibouwffeehzkezfcmazanzsxpnknouewjwvzdfdlmduxynyxxyphowgirnlludkgsebhqrzzkkjvzjecdhokzvscamvzxxozyiax,0,85814523
bwgtlgkabzwkabs,Raven,dfafnkssgdijho@gmail.com,jyefkzfpcpjflkigcurixrglcqsckyqjgjukwvitgeiaoohsfhyvhosnxloyieygrjkmgewhkxuhaybxjnnhtlzpiwpwdpxr,0,5132145
pwcrokhtsldzfdr,Jesse,pfzkveenzwwemku@fastmail.com,veruxzflqfhmcgwknsnapefkmychxtquvyrcxgybvxuxurciwgkfqlxtyeczatishuxfezlkboynmadmspeqkclcyqiheiacntkhegcelsjnhyopspllerecezgugtbznndqtuwqbtogecpzijulcoh,2,3853322
cgususnhfzagphq,Naomi,sjpflsmvsveowqj@icloud.com,ciggcrrpaiyxxeoookcnbfxmrsssoraiyjpweczwinqmoaynlghwykrgoddcsgwbaypccqpinjzhyngjvcsshionwdtvndzfp,1,1039698
mavxkvdqxioydyp,Marta,ozqtirirudmh@zoho.com,crjrdouowwtmnfwyeqppousjzubtxstrfnzuseelwbpizqlywsaysdxeovvviltrksnheatwgeoldh,1,66705958
jjvldctqcmqhuud,Abbie,fuyrwhgmnlv@outlook.com,ckyhugjgxmxeqjyimyaxfabyxfaycabqtotfkksjgauqyysdkstayybdulsfmmrplurirldyxvhzqbpubtvsqwrznpavvlpeardlppfzptsodwhvphcjivahkvqyrwgdyzrarvtnjplm,2,85972481
ujjszcugfdtpjys,Virgil,zdygykejgvcsqrv@gmail.com,zsqptkvjfohotpezfvolawctgosgzdcyoqreluszftvfljmtziyyidbcgiykrjjbxdjbpvayxbijizlcsoydszakdhnpspeknhrwcwgnzikenjsahtnhhawvmqctkqrcndtiwissqzcpyxrkiamndefkjkcdhgadnic,2,2964288
zfzzjeodhaycosk,Guadalupe,acpyeafnpouo@zoho.com,obzvmibfbgnkscucvudambbaivjhrbuqexzfyarsegcmtbswehnnkvmkgghwsjvxnnmqzcmufvwjldclugxrcvigbiievlqjmughiccnxabojhabptwwxpdjxpgawllqhqalzdgiendocalzzpjcjlelshzhqbupkcwumgo,0,77706500
mouhcfysucrlpxg,Zebulon,iktasbtpyg@protonmail.com,lmwberxougfvhkxeizxrfqefyfctgxhbslzpegebzqnbdohdtlxzurkqryzosdxxfknscaokcyfnw,0,35127498
mzpikwwfukvphdd,Harland,bnrxvsdlvnfidh@fastmail.com,hwkbyorobpzejgryboeswhxklkzrpoojmddpuwyvuuxkeznrmuvsjeiqmepyhtjcwonsjikqcigauaqisivqhtjseglglygpuieyjlziifgarsaugdkavmnyglajyetcdnxzsd,2,9382397
vqzeptrmhfkrfyn,Brionna,qxkzazzmgahsxp@inbox.com,hmnxxavaijnosbnlcwgzjoxfvqumokxmmpzprjpubdlfdbvpxwpkodtbrdavfoedizhpogyuamslewpwonslehcnxwiwzllgvzqekuhajhmbbuhteuoodqztuzvlxwmpwwpbhoxjnrbffwahpvsuwnzffnwavippebtdgptsmjhsp,2,45631159
jypgyqadjwrmlay,Ashlyn,kzblzsigjatrw@icloud.com,zpfzbeygmrfxrupebtaqmvpsguysvowdqthyahjoreikviezzvtqj,1,51413528
hhjunfgyvcaugaa,Blake,okdoeikuvdk@hotmail.com,ecgkwzyvukioqsvegcluvswwpffioqkdzveglqifgcigbwuofdwdupkgtkquusxsnrapffqoihbvhmrastuvuntwhrzgxgciqhoggrzbxhdjkkxgqaxsgdusjaumbnhenvcevwkbznlloyvnfypgmfierkygpgsmmbaukpabhrmjrmtjbr,0,31817032
qlxcabnqyfnjysa,Asia,pciyutibymixmql@protonmail.com,buzzsftrmgqczlydgknxrxodntzqstgctfcbebnjgrwthuzacvtkopchnzmusqbtwyhwlxwi,2,77469331
jzpeddjdvuvpwtg,Eleanore,hwlyxrusivarucc@yandex.com,xmnonlsevlxmapznhgfjjvjljkszyykjnukkckwqeksxxmkknhqqrkbyjpcvzjzaadizqjvyutdrblqvuuqhjqyfgxuelemtciyixxpkmejciozpskzcdehemenmblzdjjhfparsaozaylnpfszannngddnhkblgseoypaufip,1,49069542
jsmvokudpybfuxl,Kendall,hbomriphjvpvdq@yahoo.com,moicjfyiazhmqegukdedbbpiryuggoiebyniuknztpjrkvmtljihtigegvgnekyptvqdxyjxwrueneppllvmqgqshilgee,2,95397777
ncjdyktxtfffflj,Jaylee,blryibpdmfablv@aol.com,tviqfhfwtcqunnmpvvvfdaonwuedfvdxkopzxhdqptcoomdlxzvbhngvilppvtyawilnvnjvgefncrhddcm,1,16947875
weiohyyrqxhqufn,Wesley,opchekqglms@icloud.com,wdwjqxmcihuajazrtzhzaobiatgmecqwhlexuomaprdjoildzfuhneqthnbpbhyjamrfvoijcpwslossxnasisnhpyqmktufgytfsbmlcunycfwdmjmdgzbtfcrfdcbedygjijvbkjsutwwagpaprdvrexlevhpotodqdajmxoljobyiaamljusoporpdjxjqrrq,2,68962830
icvxqoknqcctpfi,Antoine,ebvwqvyqxaanorr@aol.com,jepwvoucbgizayzejagegywylqbuhkesfcfxdqdresmxycsdahlrjwjdkkbyutmiferqvqzxsvycflqpsjpcfhmranmpirzmbghqefeg,2,76332482
jwiorheiquxvnpm,Dagmar,ejybkgvedc@gmail.com,ycmkedhqpbgznkuyegekihddoizdpndeqebkbsfwkzcoqzpijlbrgplblwqhx,1,2512137
stlapqgnsjzbfhn,Dennie,plosruwpjspdawj@gmx.com,oxswmiklwtfoyfzlbormzquvepyoxvyfalspdcbntsbfjwcusmvlsongzgdpcziluojhuvwdqqqwrlpgxmtukmzkqpcytegdlbvflznfokuicejnuirpbeddpiydodxzsrotkzbtadyluyxppniszfrtsakditwacespbffotdsgzdrjwoktnzeqbfrnxqizxx,2,35270970
wssoogbfrthjlzd,Reina,kzdlvicdchdjoze@outlook.com,eiytwqakrqpbweqvgzugikjbwuesitsryyfxveajyzuclcuxeurbkgrkwuzxqdsbelsoporncwsipsjitlkgdocyduggaolrfccsynkzjyapidomrcqivzqanhrlursuqytzebkctzwcbiewzzsrcnkciovdu,0,19292020
wbypahtubjguznw,Duane,aqagdxfpnpvvrix@zoho.com,cppnrcvaicqdttywrjsujqtipksznbjvskksmjrclitzliizjzkqvmzxvhuvqsaucvejqpcfbszrzwtvhinbjsrdrhfuzcdfxduuqzxcpianpdijtjodwoxiveghctsxodifegxnfmhxrtssscuimlidwvifbtomnbufnzdbblxhbvbgjhjelmsmpzoggu,2,9883218
bmiooupynxcrmzt,Ingrid,uyhyedaujr@protonmail.com,bxjdsuhzarqnhrtytacktrkhasghypuftfggvvchyyolnaymcdpltskfixlupgmqbqeemknsplgimcbqvonayhlgljjmcdrrboiyhwmskfdzgpipejrggmnf,1,1158577
kgkkvyhdpjasgtn,Jeane,glrmowykpucvvu@gmail.com,plemzvblbbxufdfngftfhgvcndbkulspcbzrdnifywqyeyhvwjfbm,0,68430537
gjsaxvshyxrtjwl,Nicholas,pruvfdsisqqppes@msn.com,hhgtvewvqzsmltidzbmirizzbqqgrukehwipmvsvjoghqiiostnvixnrhspjhsdqwdushsfiuchwlkutfryzqrmqjkaczgajellxwqbjpnyrxrrgjtlcypjqcavpflaxlalxnbnkziqiakdjlnqufacrolqfiwlqykkbxjbjuztknuaeayicesc,2,96310549
civyacbogucyidk,Isaac,gufxinfxzzliw@zoho.com,vhbajgfavbhqculqbszlqwmvevtwkajrxpazdzcndmjhvipehibyceicyazzzmaunemlwryzctqqmrxucbymfvssholythncargclztjsibimposqieyaivyyubchmsqqsyihvsbusrk,2,21982036
qrdccwymswldswl,Benjiman,ctnadzkaielnkdj@protonmail.com,khccrzwglifwhjahefftgztvokpufwzdjybrhxnbsjmezgksvgpypimqwwzkokpbzgczwfjnkrlodtvdbidtrmwnfxrcgtrlmpwkt,2,45913203
btkywulhrjaleja,Lillian,azzicejkvnfd@aol.com,otxuzdxcamgsxqoykbqxyoszizcihcnbuayftpjttqkmghxnawmmufjafyhbweuqzrrntfzzixyrzgvkuwpslpgsorklwthahsrbambsffjwacxtaztrasijhbgfngdeklausfneijuuefkkylxgbe,2,24017170
rhedfkuuzduihjz,Casandra,ncgtupooucdedpo@gmail.com,rdhytyetvsydtkoigjqwwigazaycjlrrkjipmorygjuumiuyirfiajaoizkbrnwqxwkrcneftrsmmlimziuxkclkscpvfmosahaamtfmzqewng,2,27012922
uvtpcoswqtdddsj,Buddy,nfkapyobwzfqmm@mail.com,ydctyfyxvkxpxxmwmwsdeotxdqzlwtqiqvkktrbxjdsmavdofsuknytxymiyzlwmsbiztsstmsrqamblumtwjgrkblkcbxrzbjbdwjqjlowttyofvsqinuyxtstvbdvymhrhwythbsplhjbizcpmbrcs,1,16142992
hpgcudolxoyqsnn,Sylvia,iwtpggoydfmsk@protonmail.com,kytnwammnwyiykldeowwqiwjhuecoencgvdxraiipwkedvykyfpuslhtxckzehkfylrifahifjywgpzgv,2,98810584
lwojhtpyatgpmtt,Sadie,dqesnreqjldea@gmail.com,qfykmssdzajwkyblaptmucqszwnwrejveaiokuhzlllvbpyycneyxiztxelgoklazxdtxztlwccjkmbpajeepynfpnliikqlvizqhypewsqbyfnhvxazkjhkjlxwkakimebalzoqfojnrjplnhadostfzxkdqksukfkdkqkmgyll,0,46668716
khcbqzgugzzshlj,Odell,pcphtkndyzsrk@yahoo.com,pfgwttyporsydvhyxbjlcuibdnnfxutqllfikxsbhtygthivcchtrvkduglapnbtxdkvtxxkhmrsnptmmigiteykxkeyzfvbnnlmydearchmrecicmnptjxvoknavqudqpuwrabsdczhzkiljaohlykgvuzgbwijgsepvkzqhopkpfktboqmvhrrgiocxtqesie,1,55912193
kqcwmdcmvyhmnns,Veda,jndpkifiybtl@protonmail.com,ciykvswgwzfhzxjwvcuscqyfnjomrlrnwiwcznwwuvbhwyfquekhihxpgbgoispnisdkozddpezbpsphofmsbezdhfznkwcltqkkdefntgbapwpbztytaicpjikynzqzvbcopvpdqlugodhrtxms,0,32605710
fnjfelzaidexrmt,Hardy,jqpbgrgjwlezxda@live.com,buetknlpjornvxkprtgpazspufykdbfdbxewxchpaprsecjhglkvajgrqurzzwftcanoeayrxarqourqhezvzaayprugxrtyypqmiw,0,92579232
sktlrxgqeoteslo,Dewitt,fnplwesifec@live.com,epfhcdnvlnghqbcdoysdqzzideglobhpvhypokhnosxpgdhiohuhomnidjustomyskmx,2,75292426
rnpxwltnxqjtkiu,Shelby,ywlsilhgavcubr@live.com,hekbncecadspbyozwdekxsnmlofyulnfnfyitqgfjyofihroonubfmbpspxyyaedcxrtydmalihlpixwzakkteayfsucuynaljitpuqcvpmctnzpkkhszzmzffejdvgbnjfovqavmsakqlidj,2,74400655
pbplxftsjpfeteh,Cara,gfuekvvutamh@msn.com,qfcngaeowpfpxsdaelubpeylhafnlcerzpbfszkfmevzawtvchfejlkpapypmedegtziqdsxpvkgmbgiokrzwxpbgqkpzrtofxbqftowwltfwqxxexohhwjyepeqgjalvicajcsofthvkdgphukhyvafdhhkbydpchjcuhqh,1,80612878
akkvespthsvltoy,Rosella,oxfzsurgckgosl@live.com,dmvluqgswumuwthexwpqpokdljibrdfxpbatjocmqwadkxlwdoqpwcepybqkjzmnibitbkqevdcoumdrbngnwblesanpuxemgaanoywykjhkelgplhjvwktjmjvqycpislyfapyukuumdakzcyxfvilqqldyizjpfhhuqzaibdpwloouxzluhmho,1,57038037
ffyicjtgctmdlrc,Conrad,aowsdomylw@yahoo.com,zknwlomvftwubzehonygsuiercmlrmyftgmaevgwcydchmkncombdtpqaprmpopwvbtqolvmkwmrccvmvlgdikybwsxtfuhqalkcximwwrfcnipatglozpcgzgvcp,2,69788850
oxsgftayrqbfuzi,Ettie,ueqwgbuededxb@live.com,peidgoxxdxiuwoypereuwhibumapttmrtsywzwtozobmigtlvzujmsqiowaihjvegcdmnqqskgbivufnykyoajzbsaybvlyucgpefqaiientbpdbsylvfxbkjzttxbmffofryflkjbaekorcianccwlng,1,2299714
quggaewwwrzhtrn,Echo,lwgdqlgfaenp@hotmail.com,wbgesvtknnzxdgfwsykmwajitqvblhgqnphzevaessyixzwnsgvjhkbkvcybdaddghtrfyqavkqyfzoohvdakcwrqhjwpmxada,1,52240514
ctvmlcqbtgczrrh,Krista,iyhmkymctqpdi@yahoo.com,dhqgdbmlwjdwrglxldogckqomienmzrubnvcjghtsbfzhwsdtkcetffrfxqtossolxtbyeormxktwaqcbverxszhdecnxqqskkpbrpmehltdttqrgmvuojrrocdhqhnhhruxttpbuljydsvrvrogzkulkyrckznwlzklqlbqncpwzdnxrsqsmlkbo,0,15860494
muhcmssnudzlolb,Alonso,cpudqjempodp@gmail.com,wfvzmoaomlmjhamjmkjukqlsicqvbbxftcxfwjtvfvzkeeyfutjphetqzzse,0,13171217
zwufibdtqfzrmoo,Elise,xtjezevutvglo@aol.com,haygbsbiqnyfuzcroxhxeynnfeqtuiasiirhnlzlzihkqtqmntodbxqrbltznwminhovvtxgtzfgmfctwwknr,0,99812726
yeukggebffjtxxj,Eddy,eziwypplixhvoga@msn.com,syepgxydtbcyygntkdmmyuwyajcmyxhociypcipjsbmqgsvumsuftjalxtazoczmuyti,0,45155359
bbgctladgwsobqj,Dallin,zklswktbtsau@msn.com,lnlqtvqgmghmlknodpmhrehluukemkznvsqrdllsjkzhbxrqfziuyiuglrcvzartbn,1,46635870
ewqrhkrntepgwpm,Naomi,xetksnrkuw@fastmail.com,wtsqqnmqgfyhfspscgexltzhnelolupdpumhkohqnesnvstjulyqjrrwjedxhuyofrxhtnczrnqcsffbgryavfccmcahohkvztdopusqcajpjpvnteptzgzr,1,72642024
tpnoaypinnsiffm,Prince,hoamyldtfqiwuzf@inbox.com,klnrkdxupjpwjdgnysqsdsismqsszlhzydqwbbsmbgvttaczhqtkcvroplihi,2,53525985
vgzxiszrhimfdns,Alec,ikrpsfmyogcen@live.com,cvrfgstvhwascyawfogyuatrmojwythgispitttmqiyjrpqbjvjstpdudtabmtcjjivxbpjvswukzcobloljntwbgdadtouflskymigxuqjdbfnfyqk,1,89174139
uxmzgruoisyvjcm,Kandice,nlwqfiezieyzwz@gmail.com,bitfkuvfwvxamobxfijaomlccoecaepmmreylfbrgalfolkaqkfybvzomgjqnaqesapwkgsjokaennmumlbjkvmkzvboojhrlclrcjwyafxhiadbddhhomjmknabjesgtocbpjyisezgsmbodvxgbodaabvwfrhctvuubihxhwbmhizsoberlusoklwotsbrv,0,54989134
skmqjmrueikjiaf,Althea,hfxqtacrny@aol.com,itwsgorwxvtncmbbmtdeormofnihezbexuynvmghrosmdifgwghkutphuolzyuhxjkmfhhraudggixzlbkjiscqlounfipsbfefsejrekwjuietgnddvwrwzdguyzzyrtvkretbw,1,19032303
xtxjvnilveoerel,Tami,cwykcevsdv@aol.com,cpeyistyjazaxnfuleahadispviqevvhxbhnqlsrgienzhmunkqhqulsfajqncpgmmqbyypkdjyxdzdrzgwzmezoeuwjzhdtjeiobamndcohssbzhlvahkkjoupabltqxfidmqreqhewtvmzmw,0,72847523
gynljzwwtquplvf,Simon,xcbckphixqbxulh@protonmail.com,qpsgzeessglwjvitkhgsjedkexnurwexwdqjbqnftdrystsssgosbwyuayqzcxrfpuqwqskvlzxfpfxcruirfsnhkaplukhozrgaioxh,2,16648190
nktptsvhxvkeivy,Berry,xlubegeeuakamh@zoho.com,vvryyvijfedrhepnxstyttslwonmwllqwmjgkkffruehzacziwyztspjcfduiphwbsbfiimmmkofciihstwbpddcmcczygiwnbixxeygfgghcxeqnsulqnwgqzdozddeislndculbhwrhttpwscnbiygafufbjdwhaywbhbcjprwonrsltjfuxrhcrpskb,2,21412196
bjsixpkfmltvpbe,Paulette,fzaawmgleh@fastmail.com,xlymgtnnkmgyzfhlpialdevxqbnmbgdfdfnjcngxwahkhjlkcdhfopnaqgmhmawvbmywelvvyrxxfzllyrwqisfmfgxiraswhvxozobmstmldvogqpictqyqznyunlcfczpfrvbwigrnixqghldkeeverqeiakclopsxknjhfbnlfzwxtizqpeoghsaeovqwm,1,65447808
rpgfyglyaexifib,Henderson,mupzgvtirmtbhlr@fastmail.com,rhewvbodnssgnrviddflyijmrwjvoqdqtqimqbfpgyjwgnmmkoifgvcbaodtqyjzynanswvwugfrp,0,42549284
wgdcawfambzkpob,Ada,oydxsftbdkthru@gmail.com,uedcezdkdrrptmurwuxbrlsupdplvhkuobhowlbrxqdnvqirnursmbktazkjivetopntuukddaqipewqkprehqglhmsvxgcravetbbdmmatfhwcvrwraktywduquiujyvhmjejkmgeawgxhaiiehhwyqyan,1,90861685
zlqjzbtnfaeavty,Magdalena,ownnsngajl@fastmail.com,bojgzyelupcpzsmxohcvhjokvirjdnetwtxmnahbywjrxmcoxbvvbsvxuhylnamtkxjkjfsfpilwycsfjvffxfay,0,22465275
zqtiskubwectgfn,Hazel,igwytujmuwy@protonmail.com,jhccrufxidhjygmfxxojztbxdkbcnhncczmpphenkjnkxajafakjcihswhhnjefvqomrigkfvqxljmvybnzbrwlbcqrdbnhlsipphoxugapdmvreuvc,0,2548956
tzyzzsiofnlebuv,Efren,dmcxusexyphs@mail.com,qtbnmjflkgsvyasqbvvzzhqgxoesuippvetlmthziskdawbmhtpgzpanwnswvwwqmzggbugvinhqhcbrkodfkozimotvimbaaufioxcjcsqdhalfxyirwqdrwrpeohrpdgffenbqappyhwaujxovajyyw,0,81883402
rdfcxelzkqvaqgx,Aloysius,cevoozmgsuxosdc@hotmail.com,wqnbbwclxqbjftmzzslpghywbwtqaxcptfcnuwxuvfggyflckdmiizrofwzlbejozgkegwvcfmps,1,91956988
kmbuurrwkyiidls,Robb,fshxmyfwzcgtpk@aol.com,mhwtcbkbpvcqpknckxbnezgdwkqsxvbozhsvvxeczvtzrkpeuhqyhdqdfsoihqwcazibjnqynnsipuwctgslzonxfqklmhkhfmjrifxxkzjuduwzywxnbhuksyrssegypojlcbydynrpkxmuxamnwhlrpplra,0,22415358
eeglxikzkjspjjf,Jamie,ovviqqnqiw@yandex.com,zjrckomuytrogcxfrlbudloyelecbffpqxuerumfuaijvenlogrrzymdlkvrabqeyyqmmnuznsbttbntptpaztpgwbiiojgwqhcblurseybrroxugpojgwcihrzjbpxeirqmeambcbayzxaf,1,82842334
iquqkkfzrdrdygz,Julius,iojnpgpglfu@fastmail.com,rjrsrocutymbhuipscuxlsqdwjzmustmwyncbbuapngtjudcszzlmuiofkjociyqollsfisrjunnpcyrrvl,1,90703707
kgihsyznwwugtjr,Stacey,iosqfayzpndv@outlook.com,eflayhbkbubkrrhkszmwuhiykkqsmwwuhvbzuuorjcmmelyiuzoxqcrmlpsuucpegekjuvmuwxitkbblnapwyvqmajqzxdthlqonzng,0,77111798
qgmczyzocurbxyq,Ebony,nkakavtowx@mail.com,myanpajbvfkwlynofbmsueauspiaecdynkydvyrepvjroiwevnjkzzccrrkxsueloyjrakgptqtagdmzvjw,2,55319148
btgypfdwxvshspo,Leila,ibzwfnhfrnmsbsk@msn.com,epyegjleysmxvybgkxkzfgpyrzvpvvzqyqxetuhutlnzqfzuwchqkzwmwbticbawctrelpusoupvgnvbpauuycaypueyaumqwynlvlkanstorpmxaodokbgffvaiqumqgfzhicdukrxjeconqhizdcmlfugbvcgvbjrlwtlb,2,31404819
vzbgphvhpzzjvzl,Thelma,jnwdtcoqzpz@gmail.com,sbzkbutktpuvhawjvntlwvkoigojwssltxdjjpaiqkabvwqdezq,2,53486823
ijbhkbapwlfhown,Corine,ifgtyvgpty@hotmail.com,tgngeevrjnihhdophbpbdvtyxkkwbuhfheyolwizlnmsiipcypphtbwexfchtrbnvwwxcwejugifmwkzszsuxyzzkihdplvfcyt,1,61101978
obylwrijnvdvgvb,Carey,rlfojcqsgy@inbox.com,usstloicwpjxtxxrejjbcgytyfoqpigqkocqmlogzhrxeniiuprjiewvvxcwb,0,87731002
pmcwcxvdbknbmcy,Eileen,zanovgaemn@yahoo.com,sfocfyxikpugeyjvhanqqlfcqwefcyvhxyewdlikqkpkoqvfrrhtcomtfuvqivixextjk,2,38032064
cdvnztjiydlpdaq,Bernardine,kwntiyhdrgqxicc@fastmail.com,nfmpdcihjxasnclhzhimuorbhrsyoxrfsaeqiguqbncpstfusgwhjdbnadfhjzthdzbipfzkrlstxfjreudftpacguhuetyjdaxfvsqmokiresfgyztpsubwomllwnkkporouoaahmwvouekbbhzww,0,63798076
ezfgkhkadmoaolj,Annabel,rplnqdlzmzqr@live.com,ipyrgbvgscfopfaehusoqymlzchoubwwyzzczvatiqervmjkcnvbbnwnzyewuppzgxjmsbifqrloryxnyzfqkcitcfbhshtxcmbwfwlafrkhsqfujwawjdantoftydgkxcxyiimvosevlqwxhhezlhqiwsdbgqhojndvwn,2,22784007
uqgucvkacdcxzph,Ashlee,hboctxrxnp@outlook.com,ydrsjrrxnfwcdiuammipeekreaprtoktvzjnegnbiuzdwtotsqjpajkxovcyjbtop,2,76609326
itvqilutqwvncmm,Una,zmsysgbqnwwij@protonmail.com,uiarthofpathlyymjjvzekhnltrxkmavrehnfkjkxzuicvtdfrspkvxemmcfyhkyjeivkytkcbucgwxdspywhzmohegdfvgrasldmilppwbjodsrcwvyxyuduiwgnlmdpdvftqjtndzqecplxpzctbvzsodmzqlbrsgohlkhafpxjvgrwloorwwvmmx,1,72594468
ohsxazawzhpjwiv,Letha,wlsfvsdwcemzun@yandex.com,ckntvkujsxoclhzqwitgauplzmbrszbavklbnkupkpatqvxkbvcgbmhqjjhjebvrjekkykyuebbzwcmhfrblgajtnmmwbsgchounnmbkeguxrftijvxwuylleeurxhwnvmmtbvfwduffwqdbkfepiuywhxnexwzqq,0,7099485
lmxwwabjavbdixu,Troy,xqqygjodbsc@icloud.com,rwocaescjygawnxfzqgdvrzerplcywhdshbrahdfdlabiyktecntakviittwnzleksoiygdlwbfrwqkpxwstgvqfspqjonfmlrnzjhrbxcdoufrjsuycskrallbmgjaydbiggmyvtwuwofwvmqtcoaimfvlzgtcrlwrtlzhyzprdwscar,2,46002031
rwgidrczzhhqfzg,Boyd,vcuurqxkxgcykx@fastmail.com,tgcdoxlbppvhpglfnjkzwevjnymfxeevcispsdtykyideyiijdruknreedfafbmaeyqrucdkqajiucpkyovvxxsc,2,38190805
fmxwlsmagpysaep,Leslie,zxbggfhzdkbf@fastmail.com,qdttfimgrqicrwanqbjqaqsfndkrdusmzwxxaxumrbbaasbmqhusaamlyqauvhpqriqvdxifjubbndrryrtqai,0,79477299
fnexdewvwgfbuyc,Irwin,hylorhkxukm@hotmail.com,tpznxwrgypzquzhouwkcvtmupnsmkwtrvjdonsayjnutspqssfunkujxbsulpnsuytbmeeusdsbmvgtmyaufddephkkadjxciwxzpitzddxrcxhybeqgyavcmafioanppzkculwkghkwijclvthmczwaremuzusobuhsvtvwknguevhq,1,16614175
oywhqqwqdgortia,Edith,richcdqjxskotao@outlook.com,dhktaszcdgmyyjxuqfxadmbvjeuirnvnmionsdhrwijxjoboeubefnhcvxvqdpljyszuxwmycjyrjvaulhxbitenozgjqcaczjkanpqkevjkgeczfslcyuqn,0,60328002
dqgayldymdoiscc,Britney,cmsxifpcedpdej@yahoo.com,xbxkdipcqetrlqsogoszlssbcbeawcsptpmjbkfxomqptxupsuxbjfvxfxfgyssbrvcoyccppevuaaesehuevjxzqzrgcxzlgw,2,66685527
myalppfpznaftsh,Artie,hmvgtqiblgjzy@gmail.com,dmtkswkzxpvzucsirljrdonuwgjokvmjsmokuprbekpheexrxgorawkhvgselfovtblgbfkutsgryhptaaphauhctgaxfyjuqdusffujufqgymujrtrutlccoxvjwiabe,0,88292139
ydgnjdatqxteumz,Luvenia,lqdqhnlmwosoc@aol.com,wdmwsxfolhhebkstwglmtiypegfrttnmkboflvnnvnkhhywjrcdymxcpeinoovbznsoncbcaavrfrncvybvtqiqyzzapadtcvmainajuovmgeclhbhhfppiuaxrxptahuwzemnpqejme,0,89434074
tvezwewtzcbmjbb,Bryan,cbfaveuhwukxgu@hotmail.com,wvbzmagxiwuauizmryncctwpbpqzjpanbtrxkfpuuxejlhbfrbjcxivhymxiprmpnxjl,2,58672961
zianihzifzhtbud,Wylie,yaodbzoxlyam@hotmail.com,kmajyaecfaipkoxkscntcfahofsoqtgaqblkkqazrbjpyrdakzagwtycwhlgckgkuopswvvczsdzqkedcyigqzoedviyauvlohpe,2,88542767
sfdukejveabccrd,Armand,ramvaijowzbg@icloud.com,kdwomefhzogtnxmbilnvrfrzngvxhnidvuonctsrnutxcoipihpwfrsnihszfelyfoaysezworafcibhoexexpljkbhakmajuuulpdequcjiacflmbkyqbqhgmthccyilvpx,1,51495200
iczdabjsecmjdfj,Evelyn,filwjehisknxgn@gmail.com,spvtgxhypaagjquwghqkxdsojioxwbgfhlxmpgnqcvgvmekuapahgumiwcwzzeyqhd,0,40109807
lexfiicicxudjev,Belva,ydexmxwqjugokc@mail.com,yliqnxynjvroezictaerbxehgzydqsmgqlzapyprexbzihufljpcxrflfchohlmjckucmxklgxmwmmzyspsfujywmdnzoesmpbrwxgzypwlarua,1,70215170
vvhhfkainhflusx,Stuart,dedcswpeuoclvp@live.com,bdgpfqjaavscggiyrclvemjpqjuloqopbjevhosnsqgoyzxfzvxukjppnffbzmianqnyvajngasrbmpoyojfryxvrwcvklwoytwzfqqxmej,0,79995656
agiqogczgjklyms,Deonte,jjzhdyhxgxhongk@inbox.com,tekhqpfbndztxfmccjalwopwdaofeygnuzkzvkxrcgxmvvkcdyjsfpmsejpnahmsubhdkzjqawzlmdmtdmnxhgyivbjxcdoedzwzxscnapuwzpdrfyqrikqvxnpreffmchsmmy,1,56151456
nvknyeptbhrifor,Lida,oukdqvtmvncvvt@fastmail.com,tcpvahkkksfqnguttjhouwqhpzphnpjwxvfqttfburlpymnricvvuaphopa,2,91282424
vpbmhigbmgrcnom,Willene,mjauzixkkemqs@yahoo.com,wyhnipuszncyswmbpeuvyfhnrcykndccwyyivoxjueycgaodepnginsjzcampgaozpekwovjczttkunuyuutp,1,17323734
vpnspxxkpxfrdym,Malcolm,qkppufxcbus@mail.com,rxfbrmluwozujqiybmiabfdfwkcjefscdbxgobsnttmszlxhdcxurgoqpuplleryjyoyiliaqlpyqrwrobswgumiegflbppszmmcplcqjzwhmewzmrvu,2,199989
rdoaunaywbfnfya,Alex,dtgxztgwxtp@mail.com,mggtfafacjnwwcsjajcyrrrdqqrltqzaqatvbvtoguvfxvdeohecmrtmmkbrnpwoactiomqbhusgbrjmjnfjhogdlhqoohpxeavggopnuxaaqatsdccolsedxhpdoafnysmpscxjvdcueizxiqkx,2,86368447
vfhpqdisxaafgtx,Cathrine,ttdskqgcgg@hotmail.com,gbeanruysznkzieelovohzlamzzwnnfgmsxlztaimfokbvmlfxjryndxtdciwkcxwrlncymqfcruybaikuteexdhwcscgyqimmfoulsreoxblfvfybyukhwrwvjx,1,72192321
nygmmbmiurfdwjj,Shelby,xvcwcuhwpyjxj@gmail.com,yudtdkgdteytlwpdidpckpijnapslgyobpldtmoiixmjvtjkjtsgeavo,1,30358689
raidkwwjvqzmyap,Roger,fpzzltarlxobzl@protonmail.com,ffcoktdnthllfiexjugzhouchbxkrpuwcjeyeaksisioaykrwozagtfyvmtgwiyokouwvrrxwfjocgxpomomf,1,7406209
vgqasgvitwvguby,Lorena,wkoamccywjap@hotmail.com,vzaqnaliiwdyckfrepttlpcvgblxalyemioudpfjpsqtvcbsydnfqkniyusvmflogegiduskmixtjuvclmuhwmczdsdaiyrqifmoklitdlyjubhziuwc,0,47389815
viczrrdrymlxhez,Tremaine,plaocfnivrlleam@yahoo.com,pahjzephdslfpdpysfppmyfwtrcjnfhwlhfswjdspnilzbwhaabrnhdxmvnxfkjfyggfnobtukvsysgloeqwxfgmksxeaelrybllhfzqhisrwoltgemumvstiakifrwhzsmbymumrfxlcdfpsujrypdwfpkowhrmw,2,36670620
gbjyvovfopdgtwk,Lutie,ivoxptarovnf@inbox.com,lfcgablvadamnswdnmalsnydufwwttjnroschqlyegbefbnmatmslsvoihfokpsjjiemetcybyhnpolpvydbwqjctnfycgmylnbxmzexbfduihakhsamqnqvjukbcffmkzslqefjttxjgknldnkbjstybdfccildbwnmrpswzcdfxahwd,1,56562237
skautxgtyghzood,Kenneth,bocuszlcvfqxro@protonmail.com,fvdqnaopmrfyvxjxradzipznyghljyelvuqoyllbbeuzeyaofyjmktvjuiufscliprwvgqodoodjkegtcvwuxhcplrbacolzrggyxptpfsndiyplxhyhlyhwmbyssbvnjahjuczopebtskzbmhcjjhoncipsrfbsjskhsbethsqmhvtduffyv,2,40102271
qhcnxeordphevfb,Sadie,uqrktiqyazciu@aol.com,gvblvqvpqnrirznzvwyouezvaihxztrdxrkbltetjrsehfnxcumlvrdkpzoeumibfxcqfonpmytamvmzmxdwerqwvkszeymxrrvliljtzprtfattptpbseuleazbwoecztqcosmprrerdeakcvcupbeimwql,2,94729396
xnelbnnpuzlidtf,Lizeth,wgiupuzeyxzldfy@hotmail.com,mrhyqafnuywdjykdshvgkhamzjjhwybrusfqwyetaujtokgnzaoezkdjfxfrditmxcqvhwakuzibjerzjzswlflahsbaltvfezjydsnaxloaacdfystvuszmmdeiflpygnwoqgpxvkapfqbjikwbwdrjilahhclsdviiu,2,74463754
ryifxrsznlwctqp,Owen,vthhfdhaxdgjew@protonmail.com,kocplbzaolpzckwlydqiubgwillcqegcppfqyfsevdgnubcjdehcsvewcvheqswhylrvcbdpfpunqnutsnkusgxillhdqwdozmqawcyrekmbfkbrqoubdcqisvoefwjvcguxt,2,89311822
mahursmgzrokrkl,Joycelyn,cydhtnhsqeqpuvs@inbox.com,hlitpwmlmsrqggtibcaxaabkonnfxqntwmazehfxdgpmtxobqfuxeckehkbrrooqipupvbguqaporfohjmyzlyiwizrskhgkdifuqknourdtilufaupoeiishfcelyamaknqjxyalhmpnhmvwyeuapylnvsvrdcurcqglrnkrtgfhpnfdtrmydqwihblwn,0,44184281
axwnxhllhezdfsu,Hurley,mtbasjncjuke@hotmail.com,halfkwicpcsayhrutwtlgumgmjuwgvxoyrzyfbhozshkkdbifksgjcdsclvuwxwkpqogfxsgwzcubdfjpxbzzfytjcmvolxowhucyejrkppyqmjglzxydtkqrfcqaubforeabkjcbrbeotvewhilhmzjetthvnisfkanljluziwafntqlynnzkbzqdmq,1,98917375
hhplltjrqmyvhpt,Krysten,aokgxnjfemeu@mail.com,dqwqjxcalaatghbkmzhghswgohljxxmiopquszvohoppqlrzbvsylwloanjwbwmkkufcgirayuxq,1,69854462
jcuftczqvnvbpux,Jazmine,jmbjbhggel@zoho.com,swvxrecqtusxhyigidjfkodcgcrytvzgtyyshhqlbirqigozrlcgtbgw,2,29213334
qvffwivovzovubn,Renae,ttcqjzdulwxv@icloud.com,aakwjuyclvpumvwpspncrfhzosdytiqrpxlpjnmmcinvxovoar,1,87297789
autdpvkpouetpqk,Earle,ojeklbrlneeegk@live.com,awrnuskvaygioyjaatxlcideqwvacwdpmqdzvyzxcbugytcdrpdxoptpqu,1,54963162
sybpvkmipcnesqx,Willie,doieucecwmsxmi@hotmail.com,ztmmzziljkjretsacazalljxnvrxxvtmwnzskeqcracdrdzaeyoaasrsovtuelrhbjbjazesnfbnhwebkyrvvuoswyuwdydaofnnyrgavzdmdulieaxbndvspxymgzdawazhlqzgobzgbgrioqjfmbqsfvnrejre,2,325387
dlmouapxsvejpqk,Truman,gapcdnsbztda@aol.com,phfictaaenualrcnotlaninbjtpnfkqlxisvmidrehxmtyxprecptrnlildfaphvadzeesxbkxniknhqvzrfxwddspjzrqzicntjhgzwgjtdvurlihscdjhvgfngiqoghikssneshsxpbvguauglmsmzlkwrfzxlmxtsksntsypvefg,2,19714000
yrosyrxjjauuhhc,Amos,wqfbvvnmdqjej@gmail.com,jjacxqgdtzhscnnikvjqehixqojsmajudsnrieliulccavgoofdjfpfodvsciilukvnkxcjttcnihzxyxwwskcvldmonikkiicbosbihwvlknqibargribxsdqpvbyei,0,18259309
rxszxptbyayqalp,Shaun,vjhhqswsnfxis@yahoo.com,aqyfmegwusjkkdvvdvtbabrdhzlqiktaxcbufjzbybxnanszvfeetvhfgtjjdnwuydnmxwcietwmvzsfzemyjepnbqjyjoetdptdguzbfmrjnghctslnnhzqzbkvzzyuummcna,2,95689930
zauottdnukyglnf,Zachariah,jigtgyywqklrxn@hotmail.com,ljxpfvukepjasqerluveizfohqplisepbjhadgflyntraqjjydjnhcvnfmuivavfsnhjvsmdlfsdwjarciuqeyb,1,25538271
pnggzzpzzndowha,Alma,qmjjrqrfzhjoyxb@mail.com,hgsdhcchtdbvzxvnbevkjmkimbavxbqgxoupdclcrfukamhhfixwmjnwlccepyjrtidjqtltmnmcrkdwzbetkgrsfotgenqmsuzssbgouwdzmyhwfrjwzjywwvfgdlnrtbhlriiwehcw,2,7182453
htpwlkodpwxgktg,Ted,iacasuyvwrb@gmail.com,droxmntzyzvqezgnoixwznniiukryftpfvpwztaimzzhjyqovbmltgqwjcovtliuohxzetrqktcbxsyhwnjpalzfnyuanoxkrracpxkdqxmmabauolxgvdooolcookndcgaihkbstsjwzyimzenjnzetuxymyzulsosqnbfokovbd,2,34225926
tqcrthxcxvpxdex,Lucile,rsxqpjnffldth@live.com,oouwndpsbnumvjixiodbclabsgmwnasnbioapbahapgvagtdwrxyvfjywwotnbscdpkaalzlhylpscitxexmjwqmksrzhorftttgdyqdloyxhsgrqgvrbkizaiufjo,2,44781841
uhesnvcezgqspiy,Dorotha,mpsezlexuyqunvf@live.com,opbxnsbzqefielaoilmznjtrawivfopacipyyovlnzxtimuveuiveqsdcwnufjgevescwvzapzhcqbqweipyfdxfmhmciysnirvedbvugitbawgjrdnjjsnhziejxuvigznkdikckwgehbvphimivcflb,1,50834973
ikkrreigtovuwjv,Glenda,xntslaaerrbvr@inbox.com,uyihfgtuwjjdatnrsxmuacyyphyitpnaswhjfygwcyystccxkaowannyvwarfnbmrdvrhkzfzqaiptbsocedqgufxajqwylwpfzpsyhdddbfavfrlamrvnrtcrrmungmhvtx,1,85085861
oegpcjacbuvpeps,Cynthia,pqmujrjqnlvp@yahoo.com,giulizecegunvegljfhksbvhklsmbqymmjxgwuycdxvxoipjatenbgccukanvfakckvcobnuemyq,0,9164181
rmypvumjabsaeyv,Nathanial,zmzxhpqhnbcbk@msn.com,tbbiovfppdfufwcdtaintxryatudzoqyarrbivakjicovqpxxkdniouhcytmqebgfrpggfftgmvljjubgmioj,1,23394640
jijoiczcvbbqfri,Salvador,mtaubjuphmvlb@protonmail.com,qpsgwgjqiolxgcdoxlgijmbkpqryrpexheaipdfrlkodaripohznfincjlcydqglvqgbyjjomtmovxzeocdzqdywgosptvokxccbbptkoozpvflfbacabqcaxzjyvatzpyyzeqvrcxnfqyhejbjgurulsufiwzasmyc,1,54415094
dfslbtuoileuanp,Rick,deziiiurmb@hotmail.com,gpxdfqxgjfugobloabkjivjzmxsimwghtxlfzhupgfmqniovwzlkpcubwjju,2,14601161
rocwxuyhatkyckc,Vera,rdgipccriwup@outlook.com,enynrepiycyamufvbfmfkesftcveyczqfqkrgxssdbeornhbwofrxqadzetphcbijwxlygc,0,29950030
sdmtzljbyjohxsu,Abraham,apolfnypttm@mail.com,tkyefnkztbdohmftevebmnnfkxmyduptprtbivbulbmaouhsthqhpaqfxrhqyxdcdhjbrbburskbejsskdmvrrxnzfrtfeutkaupjwivvmrs,0,16475479
geomokvpwywvhde,Lucious,nrjeckvndrur@fastmail.com,ottbafyxoaguyphbprsheethfjhqhcdxjkjmrqkiovgcbfhtmexjagxbwxcymbbupdtpdtpzsxucaakiucdjtoasopiupnvpmaftdtwxwvvuomrzqbpbqsdwxgboruvlbldabv,1,99413068
zyzaltvblblaxoy,Vera,txvurequak@live.com,rxtxrcwsegpcaopwzymxgmtkxhvztnibcbsbkojnofnklztsjzvkfusfymtourazuhatmtqhhkscbhlvnagrvxxzlwenkdfaeugrhwgdppabxzpayxohawmynhwj,0,85164168
viqwntcgbqhdmvh,Amaya,demlqfmohpavq@mail.com,qnbfuuqemddnfckuhxxapsyzsgidtdwxlescuczmztydbcxrivifrtxzem,2,30571872
nclqhoqetmlqmcn,Melvin,bofiqzukdyjv@hotmail.com,zllbajltmvcmervqqgdozmncfobttimlipmvixkhifnuwcgxkiiuwonpssijmmiisuifjxxvgkitudqdbwoackvjcleyqjyzwduxmebxcefwn,1,81784182
yhnckxvyhbslvel,Antoine,xdbsgspcnb@fastmail.com,iuczzussxkysqawchvrbkpmhnvynnrkpontixqdjwkfitruwspuntsduruemgtirhzosqnjqtdpeoszdtdolcgqnivuwchwqdrunjlmkgvtujbsipdokqltcngprnhptwyzhbkcfwfshcymhulndpodbucipdzzrntihzexazanjevfxbnpgqhhibku,1,36236573
kgxmazhgjxfywnx,Luella,iqbytbvzjhx@gmx.com,hhhftppkecapbvbfskitbbfhcfbawosaxludezlihvvcxutztwgxldywlasaphqibihcnayoienecmbkfjakjbovzrulfuemtzfwuduxrtgovlwngphgqicbrgotvskwutjhanuteyxkruickotspqrefnlngebrbfpxdnisfxckyvrnkfzryxrrabvpjykcb,2,92332540
zaztsdbzewfjexr,Frances,zvspejdrrgggla@yandex.com,tdvaoiayyawkqikaagwdpawlzmkdatzpyafbemrdndkehpssrxuxlhabnbiemfnltnnkvdjbthuauvxolkppjunpzzzzuikmpnseysjzpecljvbktzjyymmkpdbxhnzmawyxrketiwmemzyizaulvrerlxnzjfhzzhwwechzlmmhxahaq,1,45859113
ztrpgtyixuqubdx,Marian,iilpsuhesldhq@yahoo.com,tggtqccbjtbuldwaxyhkvweaanhhfufdvbwgszvjtgjicddtjwvhoeoyixhl,2,96689650
yytdiazxdewfreu,Nicki,cfkjwcuppj@gmail.com,qgfollvfrnqagwvbterodprwkcyvopadyhdgsezapsegvqzpycnfjepjzrcrwfnbicjhacoputwrtzgmogygpmmpqkotvyqouqvuxzjxnxukrknxxcgxwxsmjzv,1,51797262
tklbzsvggwrxlcx,Broderick,xiclyzkjbeyuwo@live.com,csxiuzhgvpfstxyhxygcqibnpqjyytxeeipfutlvsuhwbnqvkabbywdgguyumxcawrnfnxzlxsltlaiwijixtzvdjvsqrldqejumsqhajjtqbegbatjvladsepymvlprqeoapmqxahbbdab,1,67220176
stqesajqiucowoj,Karyn,vxahqwknsfjdi@hotmail.com,gqwpborhpqczuygpqeqyovabulrljjxbqzktaelfbcamclowkzjthlxku,2,75363979
ozngaahqttkjzcs,Sam,luynpikoaz@inbox.com,nzvogoodwykcpnbchfyeazltguyuiivtwhhkfcgztsiprxepczbfdkkallmikdcfmfwyo,0,3255231
slolyrjnpkjtorr,Jane,sjvkggvuky@gmx.com,cmkfmcmcpanrvtdtrgylyayijvrhlzfcifuwfclnwjsziuiwtyshacmhflhiyoqkfxjtaziqjloyzqntaycsutdnaxbeknpasofhjtdjiifbdyczkggmiggtltlhyrlapjutstngpw,1,81450546
rvoihlmonirxzcz,Rogers,emfzkfmwuhsw@protonmail.com,uzwvtkpfprvntrqhsndlhjcocjjmpxhryqtaqxgjahemkkpvyfobpryjnioixjdtopnhnks,1,94740479
bdrilfsodoydnxn,Odie,paleuytqzm@aol.com,dnwtvnpncewsfjqddxpkdjplmcrfzqrcrobbwihpbyjxtvajkofjobumnvchztpasoqpyfdxwqajtipqxccnvnjjmlxqlvzbachwaonguslzu,2,88820611
hhfbhpjbonuudut,Nigel,xlwzxkrjnqso@aol.com,mstehnowfwcuyphvkriebgpyalqbtbqupemymkfdoesyysxhwbbslvs,0,37649422
uzymysugblcnwdy,Tonya,trgwsgazkdk@zoho.com,bqlufgrtotcsucdtcaihqgnjbhmmvsvdlrwmbjmwwtktkdjefhawcffmqeleordydpwhuwhtkglcqjwezadaciusunqqarogtvxpcdwprftjyocaswiyzekfmvfzasvsuivzornpxixkqhfkinlpzkaltpxxwrszzvpjewlxeucfqkozmvzawpwolsogqjv,2,36681665
wgtjohcszhpquwo,Donal,jzgzboibjxi@hotmail.com,nbjzvhoyukpnwhubmhtydtnzgprkzxqijqcehqqnwilahyfrcijvjtmheeajbivrusypmnlsrrkgbmntqosiibqjzqxfcrhfymvhprkwjbpgwvcjfwfbmmpojmxurzdwjeaawipfhfllqywwydamjlihipikwygn,1,86839489
cmfubrhwcztqezj,Jean,xvfdchbxmonf@icloud.com,ubzpmjiqhparzlndumzigsfwroavjekbckbjpsklkimzbmrpphsrdcfqhxamjzwuhvrywclaucvvghprnrteyeodfvbicaerzs,1,44706585
lifijkbkoyicnso,Bob,xejwpvohrvxcncn@yahoo.com,opiskjicvpbxbuolyrjrqjodphkmytamulyfhepozgaznaxstfpsgyvvbvdwyyroyhcauazfqvlheuphnnqifdbkjtoliwnppipaedhcjzeszwfwgfmtgbobkxgaesjsiuend,0,38735735
ozkwemxgmqzxhfz,Carry,unupchfgdwsybsx@gmail.com,jtccogzhwjzghzqniejrlvwsgpysmwqeibzweskuhjcrbgnyeevdnankxxfefzmjifgselhlwdllhiu,2,21023752
cdzhymwdwkudsux,Sarah,vrqowofrbwwhj@mail.com,tvajcwrmxjwbtlsiifeyoebdjjuwamupxjvbanokropxuqwkghvbelwimtlqfqziibychuwlighcgebwsbipqjwurbctdekaaozfkyxcqwormaeczbtifhnptrfwwocfcuyuptiifinwuklydqzfdwecfzfpnkjmhqlbrdmeasrgintvrvodjlnbnrhax,1,5109152
vebuvzoosxjvifh,Vernice,zhisrquomyiohfj@fastmail.com,yhqgeosxoktcwrecfmgbmoqkoqzvfufztapqkiabahykpbvdamlxpktljxbzkgfcpggrvkjifyatahmkickeiapefseetxicngekdovguhixr,1,27605447
gduojjpeapjxvlp,Janna,jippvzgmtjcwf@hotmail.com,dostitavwlpozfxavrdvefmysmimrvcrajzcscjhcwmgzoopgxusjqfmarqnrqndqswasohlxhpaeepukyztjjvhakftlrfshujclatizqyfndtbtunnomvoslooyhzzirvzqiwljqpuueyikfsuxqizlmmchhwndeag,2,72171811
iodxwphxgcsriaq,Carolina,zejbtoxjmhaoy@yahoo.com,rhsrfpqgpqzclyxfdtjlryhqxlyyorujltpssccyycsdokgcqpnodeusdbyvhtvxjrqkamvbchchxfyvuvrguuxsgpujshdilarbkzkqbutlshmqycohvuekctnostpvnnyxgzzxwhvxlmxgzpjxjnjbzjvxmnzzwiwiscwgrwpyjtjzvo,2,88182929
jogtsjhduaqgqlp,Ali,ozlyuasutzm@yahoo.com,mlzykutfnpwcngczdzjcoaqluqlzfikwddpptjboefqyufzqrueuesqfdeajbss,1,91345017
qugbxdormfdlqbs,Jana,nybamkgzjewno@aol.com,wefxgzaxkyienuoxyyztoobjhvargjhbxvywqrbpofhygxcimxumnlbjcyfllmmlfljbdeqwgwptsjiqclhngsohoyvlodrmjdnystinwzvlygmnpfxmbxmhrfcsrxwgkqxqhllonioxynhwxgvznocxmqttcrchoebwi,0,10402300
yikyeieftablcdk,Dale,iyhoiphxucw@gmx.com,brsqarpwipymcxgmigtqcpacvcpnwlprcusqulnqqtiufthozdflcrvqixblncbhczdfomeddtfuevbflbdtgavbfaeogzxwgsyhhdwygyxxdkfmvnrilvqwdbikkszhfyothenuxrsfqbczlktjcrsfbou,2,88498086
eytigphajybioxs,Oren,uavphrbyubnnu@hotmail.com,qzhfzfctstlvgoxdnmyxplglpajrdlakqwrfnqpjdjoxsvdeji,1,21634426
natovvdmhzerdpt,Arlie,tuxbmplyqsgnw@fastmail.com,qsfjrvgebgssmmxinvtyvjcayqblttjjecmwvagotlyeexjhlaaulpdcfgwdwrnpiuhwgleitoywopksdmvixkxxlebavmhyvkaijjxggoedjttvfw,0,54194166
cntjhbcsqzbfggp,Vicente,gmavnfndtaztvv@hotmail.com,pgdurygywrrihjsqszmbgjouwhdaxcjvlnqrgucnntlhxxpmuyylvetsyifja,0,90331102
pxpjkrhhkdvinvp,Elise,aopoytcrss@inbox.com,zghascnxybelyjjiafidmwidselyvmeaacitzqmzyjgymezvejpldxvqvztplyffcuttkfhozjvfpbsqcckmhzxoudcstwntjsdihwlkgcxmzaswszisanbuhprlewihqycjwxcumrbwfcglw,2,74181274
mjwrvxjevrsrbeo,Demarcus,ctjphapedrktx@mail.com,odldvmpoehlkbmghpvllxzpxaqpjavlkzcyvnwggpuaiearxjdrskbbpncmtzwoirzxuzyjrtvccqnfjfkt,1,17152405
jysnwirvseusgws,Daryl,sbkniihpxme@yandex.com,dbyklyyprujuwnakagjfwmmeyljcyypnrqqrowulxmdkwaifqosnkkbvdfqmhuwrianrzsmwvrpnlaminodwfykow,0,61279640
ndxpnbqwfzfvwko,Pierre,fvmpslxzoylsp@outlook.com,pxyuunwhzdtvnrxussgprwxvunvmnycxiqfbttpryupakuhbzvpjzgtolfmxjglxsgswjlnnptrwwyinmqtefvzwzwrcwkuzjfabudclgmbvcafxhojkhkmomhtnrizixqylmajjidqnorjeyjbwmcxmttymkxoindaqifhqjgbfqdekedgvcnwgalcomwuh,2,60552914
wnohgndeppxdqwj,Evert,sfocztxhqat@outlook.com,vglltguffibmuwqgxzyasycuhohdgbtayeeafpzkjpjshkvomjoqkyfmvuxgugaocqqmqnfeq,0,79524264
hmkljiunkgvtvuh,Patricia,pmnowsetgljyei@fastmail.com,mopmzttbqjzggazyjfsxyhptdiogmgejgggpnpuuamoscdlhqijpplsnjtmzpccaecypmeluryojwrosgqouqemiyjiasoabyxfwtdlwxlfhtmklvpijcudvylnsstiubthctimsqzdcfpqmyxibxwpqxaaksgvucqkhtkxcsujlqi,0,45613579
hhtoybubanlnmao,Dortha,qdvnvfwjyrlto@msn.com,hdqwpnvsemmnndyqifmfrsbrylaxnzljxvsjzmfxxibxgypferogruqqiiozfwvgvbj,2,22900810
ndjkmrqlkhuptzb,Eric,bnbzaimfcdb@gmail.com,ghmcibhaojngtmfedwniwlgiguytwyeptykduqfcyrurobadefsbqzgvlcceshzgtdcjzynjbqcsvdncnkgmkgrkfnxzajljeycuxspjngdhpzztwhjmwpkyuwevedcltwhgppsnvzsauo,2,70481401
kncgakejtbtlwql,Millard,sexxluckzqfqxc@live.com,fychylhvwozqcsrhqlrtjajbdnsqjylawhxhiemrnlevsblwgxeowlymtlimowsexccteaxnygpfobwmuwzkzyhjtextvjqakymbqxcmvwcntldwbxpboozcyrpo,0,1621454
dxderlebwywiasz,Lars,axkvpghing@mail.com,peppoijbwhzcccfjobdgekosgrismbophvsqfcwouaiepmyvybsgdyugrextwyujoktyqprwhdlzjcidivzfzwubluoqsmxgghvdrtctcendpltobsyxppdmcrpx,1,29982035
roxscmqijkytzsi,Dandre,tmmarayciz@zoho.com,wyfgntyoadwocwjhinygynrehrzbmrxcpcajqxglunhlbkxiflmbahnrimsqpayyktnynqgpbbwdbklaoyjlbdakubupjlqxbrcntjemnqzkvpijojcrtpdvvnwtuaxvqtumbxgzygjbnrnikvmzwnuixjlvmjxumeai,2,20239815
qfgqgzcadnqnvfe,Germaine,netnpijoen@msn.com,pucbefgmkakznuxavrwztfclpltruhbbapigoprqmreyyxbayzfbcscxetesqddpbxnynltmrewxemshgrwrwjfvrngccgthlcbifwmpibeeoxhjhiwjxutalyjamaltodmfpffumrhdfhzgwkvbywsmlzaawxogydiwmxxxwizvrmknihergoghontodm,2,30757485
izkpntyakokblzm,Hugh,ywucymqgpvmaic@inbox.com,zzjdtqmzcpnofysrfadbyroiebwevmaghilyonavtalvkgtzghhfygoqmxgfghteyjuusswymarizrziryiykwngigzunppeogmunhmhaqvraqsdbsveostcnqnhdvrvpivjijcktuxfcscjlnyocmkiohyz,0,17224578
rvvhzgjxqvvmmve,Boyce,qpxnajnepx@inbox.com,viwgiulfbzrlozzafrwjxchjpicyoponysaozntkklgopkgcrmlm,2,21495550
ttxxxnaekpbrbhn,Chandra,ifkowsnuzave@fastmail.com,lauorjgkxwmsbnvvegomogceqptvriusssjezwfmnebvmqsyuznzwzjzfiggygcexixdzdfkzrptucwoinaqykahygnlhfywsszimuyirmxwxfynegcypiettkyjjvicvdtezwfxfadtsog,0,17848022
eifvwvsaylcxqfo,Libbie,kcwofppnfvndlpt@gmail.com,mtgfmfwmzoafbzxbpnloxoickbpsgzsfdqmxvvumfmwanzbllnopeoosplfumqdhmhxicpfxmxfzkjdkoaaqquajfsmpmqydhbxhngiccmfmdwz,0,83468023
vlpshxqlhtapnzd,Tabitha,namqmicmxgzej@inbox.com,iroihlqdansrnfsemccuqxmfzbteghroufydkqsjynjksdrqzlopaxmrscnckarcfkmofcezmopmgpiolpsjxhqylnihumbcvudtfqvblnkqfuqmcnnpyzvaxeptpclolduwgphicwucsfhfdgobnttcvjrzpgcocwrmhqqwyz,1,69325746
hutubzrcbyabuol,Avis,xarhqpkhjwmons@protonmail.com,zkypeiiyioolaoafitmlftzjvnyatnggpblcqptmxymkakxkphfjvlgayzxapjyjgqnifoefigmsb,2,70787727
zrhsltaoizqaojr,Ione,xbiginrtxec@msn.com,haeoxpjeljrojznqddpkhkeorbobrtkpdhccwalkcodnvkquwgihmgviucxphncpgwrbgdgulsoswcxauwkfyjtnslacqxxrtykadyxxamfutseqlfuripgxxhawuhlcvjylvkwxofsuboltwqprljwd,1,58306700
wxmdbbfshvgrftl,Boyd,qqaijmuqeal@msn.com,yyzhuhujkyciardvcrbqcarrpzybchkmxsrtqagzafkbmypuyeslxsrhvwjrwthmbkcaqlzudblhaljtekyqgetzlptzfcvypqdekv,1,67549094
akrfgggnmomppxe,Freeman,btxqxfujvrw@icloud.com,eduszqfhodgyknixuejtwopklzenwlxmycmkuzsxlvdxdggqqjzupelajbwzwbobxxhzimbmkxoxltowavnvosspzrmamlejfjguipssukejmyqhhbphecfxlbfixetbelyubkcnykyrnmkpi,1,23007438
tkwvkdshlrdfohd,Therese,cnftyyngzyykkth@outlook.com,yephjhcbuvbfxjqxywszkbyjabfaytyddyyhtvoadxjqndnxcmvrarasudrhkviunehimqonxnvvmrxnoakqhzposcvklpxzrvyiunkvregxmvvxonzwgamaewryjvzutqkibqlgodoyiyxoetqhdypgmqencjvrfhbmbgqxlnimhmhqfderjzjalptho,1,69475891
notlgbgechmfxpy,Natasha,fqkuuzjttsxq@outlook.com,plirjvwnfqskhtaniilvkkdnwtlfcwfaunvwsbdllhargpqionxvgvawskjidpqjdxmwlfffmtvfwyosyqgmuwnkhjjjexwyrxtyxcsqqkmpnqtqdbfcjpmecprnujgqngya,2,33683621
jeynyyubiottxlc,Suzanna,krudsrippkvy@protonmail.com,kxmdxxtkxrikafgpxgxfkyiedihmapswfbuzfjtcsczwcsuwsurkfofbdonawuwuovuigdtawykzvjwtxidhoylqmexokhzdyj,0,51812767
ymbpvwyyqstvdma,Caitlyn,mkvqmohlrnm@msn.com,vjmpuqzhxddfnxbvkoiozoiyqntiuidovzhkrnztpqlhaeybrbvcqcxkvemrjyrvpdytoswlebrgakubovzlvxvoaitgdzfffyywdytlnnkphrqvtwbfwwmtqcvxadpyzvomyxxxebwzghuj,1,99960324
zwdlalkmxlxfcda,Ramon,pfrgjycdlmktmq@hotmail.com,eqiyvhqorfhivflhfjftlsegwekwgmcvxqkiyrwaavwlxoqwodqevsuatgbpugpmjjszdwsywhbbekgosjrafuivzzuzktzytvwwckdjhjcnspbgxjdzqtfonbjevlrvkscucnlczxbemileqqscbkmrxsqlnwbcstyvegzxnkkoezcdjcuvgewpyslpkboxjqaspq,2,45201069
pcoagpdnhzwrqcc,Josef,ctosyryxobppsae@fastmail.com,jvuohkhgwlauddjehttzjooalvnzxlkoanrbielfdyjsezmeutcsegdggevzgpcmzklrfxytswonqtvqtebnrtwv,1,30912663
tizammluobivbhf,Collie,fuhnnillgbqkw@hotmail.com,sfifmflbwfhpqobbdejovhrzcaazudmcuglnrsmvkqprsmtztysipiixdbaqahpajzjspsmkjksativbzoyeepsoeutqhgndsrzxdzpkokpozllexwqnqsmjskxgjgwfymx,2,85723664
uyvqsdyixmvfokv,Bobbie,eooyphcxjyds@hotmail.com,tllrdixdppepjhilzpvpztnpwssxxgglbzhpllrqhglsoewxfnpowanysranepluzolurtyzalyuvlupsoybwjoqnbrirwnqcniisrmcgf,0,81406266
jboyhdtvqtnjrvh,Rob,tustfqgwpgjt@msn.com,jenqgzbyilytawnqhuzeeczamrczwuhzwjwzndnuvcfpkokcdhiapfuuwdvduheooqlt,0,40196157
jikikoiplhtyoew,Karissa,gopozpajvrna@zoho.com,wrciglfzpbqijvjghobyatavziayelmvfovopilsitpsscffujbkkmxgapeaicvieoseixdujafqpibelqnesqegcemuwmpbghncysxpvcmmnkdzeitsqfaiiumtp,2,36576482
baxyumbqwotfhmi,Rhoda,aswegezhynwhbic@yandex.com,whsckpgwiksmssvkjzorrmdpegowwqtzqqqnjiqbakwlmqrmptnlouybvgrznsiijkaayseyyjzwdgsocubdhzjlxpmtssvxxjmopbewhrxsgpmkxlyjfbgojwywiqxupgymmmweiqpmlycwgcnxzdlbhutailovbslz,0,29836412
iuciljbmluwuiye,Newton,kwxqehfmumeulis@aol.com,cnxyvjwzjtrmfsvrjfziczavdrgsaqaplrwcapnyigeqtqjyuynqyjyepfpmpdminkcimllbynbkyzaczvvmwfoduhpfdpplsyfonrobzpgilqwednrichafoaovooksxulwtikoqlmiasokkvylevhxptebxdjaocrkftmh,2,75046607
ggfuuqvyayxzwxi,Clinton,loutltgkblkue@outlook.com,rbfclhljsjesucbriyxwptepjcnyomddptynvlkbacwindbqoazhvmmkndlbpovuwsgtvdraouakk,1,71319957
weztevpprdwicqn,Earnest,eqwviehybuchvo@zoho.com,tiinxnvgnphnuvpatrevvdopfzbirvmnoysahehukhybvhzztyynziwysusqqxauumeuakzemnbjfagjgkgziiphhpiap,0,36069126
dzykvhkvpwewhkg,Brock,tqxviloonowgvxl@hotmail.com,lrzqbhedndjabfyhlmvrqzcjbgqttfuertkvjjkmshnmxhydmarwdrycgbbtssanbuiusbdhxmkjvpefhsxeebxtukuabluynlcjcluauyrunducebqxofcxirrobkjkhwgbjzgkxmkwjhtzgp,1,25353319
sbmmayvrsbjqdco,Candace,fnrpzalxwutw@gmail.com,yhbenvotkptjjonnoaqinztxjcaaonjxwkajgjwxrumnirxibmzcwfemhyesmhaphxqkenhbjnbbcpnzptxninzqqpytaeipwffkladkbdmsogmdnrbhymngrsqbrmlfcxoaxhegzwgehhxiwjvigsnuvytvcxskutfvyalwukkyw,1,66823663
cxfzzwbfcbembea,Isidro,toddzuddbse@mail.com,nbmmkejwjhbynusvonmrhfbkkwklngtrltuimomiwpowhmyxkzblwbyqmzmyjfthzrerzkqsocwdph,1,50628860
xbbqngqgvyrfmkl,Jimmie,trjjkwfsisey@yandex.com,yikgexkryjfoicooghkwktfynzzhllyxonrvbwuftjjldewqvfdbweyupbyoourytpenoqefyyhxjejhcsigbzfbrkuhqkukgu,0,83712021
pqvmqrcecrwzpra,Colten,dbfjuterftjlse@yandex.com,rblfhgqxajaksrvsugpamqybyngfigveqfjcsyjmecpkfanshivghutgdbomenkziitorbenfnzpxaaxqg,1,65323682
bulyvrxjjdrhkuz,Martina,scyioouznr@mail.com,cqufrxiqrzhuabuzyyalgkwepzsyxrkkvisulgceclnukisvvmlxewtkdyneqpgjtbwvzriimusmidi,0,43578318
hnchanfbbpbiiui,Krista,bjpjhgtlexpshid@protonmail.com,pzkerydvpmthufkzyxfrbhuuzgxkjbsdvjmgeilwbawlwdlxmvalukljwyahvxfeteafhjrrldewbrtpwjksduitnshgnlrqrpvtkwdmkdlfzzkbxpxxqhbetvziuiicql,1,77913541
prmmaczkndvmeyk,Kenny,vusxavhyoqbnfhm@icloud.com,kmxxstbgzywyqttqzgirzrbwujewwcrjpifovjtpgqwxiucnrepjdboialdndnybwuiotpfxbnawhoplxfqghpqilhtgxixnljbohrxkeatfxulpkpykxaqyoawfeqcjvdzjsehjvuivwmgdjmajnqnquvqbhsxshpuzlaunczzmqeguhndboqwhddyltgvxpjyfgsi,1,60012055
awtibezyvgpkdjh,Sondra,xmxddthnqlnpkj@gmail.com,zkgwahrthyjyrhvyuwpwwbpflckjfbsukgrgertsgfbrdvihmavslxomfrcbadqggwpnhwldtsmblzejtgsxwmxnykvegwwnhgrwejozjuecu,0,96417636
ymxtqfxyuivovkj,Francisca,tuwpexqcsodxcw@fastmail.com,enpduwlzmclquiqvpecnxmtfjkbzpqdumvmikvzlrjjyraawnyhgnpeop,0,26946810
vsvmbwmwvpufzqu,Wanda,nqqpbilnba@yandex.com,paocozfbbtvtvakjbcvuldyikcaohwrrnzjupzahizlipbpigqgnaqeillnnmwvtpebzvkrwtufetcpbzpabglqofhkkavpzcnyvtpqhuqjptgcdljozdeukguknopdcibpebnpkyzsqvkojcfsrkquvkng,2,70553670
xrnayirrvagxvig,Everette,waglypanbejobyw@gmail.com,ypyfytyytgfnboaomafytafhlsrkpurtdysljaowlwyhzgfqabhzfymredtujhnolnvljuihsrfrjqnxmffvhjmfbndujkpwkeynhwjzwqyuuounreqhydfsmntydzbswwpchwpdkevnkzzenxjsxymwvtstxcfsciuc,0,95606207
nggtfdmdstalwvf,Roxanne,fuxstwnbzipesgp@protonmail.com,mksfxtxpcxqkarwmvffcdmnngzfbigulzwdzsvstxfphfycuipbidlrvdgekpavnpmuvytspfviiflsabbgjkobitjadzjvhdpygcjwtrbrjdzbjbsnwtzqacspizqdirgqtyskrfhxptqcqbpknocuo,2,10190461
gunxioqeysopwmw,Winona,tdyrvwxjingxl@outlook.com,eoodkytbhuarziijrfqarxucugalaxwslqychszclwfybwbjhobluqvvidc,1,70828424
ufhwwngawdqlapc,Dwaine,yfqissyhqklylrk@fastmail.com,oskggqeqkivdqabueljpbeitmffbylbwvjnmlimyshvrdvqxfeviycsvioemkqaaumrdknglbincqflegwdhmvdvtnslotx,2,71791258
tirahmkybxdaeyq,Anna,qmopxhcguh@fastmail.com,fhhxhsbkwddtkbgvhodbxwwlhbauafiioexscequcswyrpqglgzajgghtfddrmliunlvjkyukbgtpimbruifptmizmmgefuncvqcdozfzxpzwgoiuckrdmykftqqqqquuumuxodvwvdtmcrqlebgwyivoqcsrze,0,99385818
bmoqtgbglfgbpms,Jeanette,kygdekeammipn@fastmail.com,svfznmoueqoegisfmysclhrckrkwstyesejlurfldxpdpfslymlndhceipkzsruoomwellsglpmxpfeyhkxvkcnjxxvfoau,1,26193507
yotryslkwoooixf,Eloy,xqunkxmflwjptz@gmx.com,acrmwsbbmphxsgveniexryaqphcuphzexyyiufoqwvtcfufthfafrokjqnnpkcynhoraxxberfhiwgrzplhkiptjwdvftybyhfcdqtatwdbbwvwmmhtnjngrghwzrphgovgwawgebcwkjqdmedshbdy,2,93688653
zwfstgjsvvrbghb,Willa,xmvwsfdwmm@gmail.com,kgrwybkmzpzjeectdrbsxdpqoljqyemqomagrndqyqgosubzbskahfyv,1,21382957
ifoaigmgkqnnbie,Eleanor,uuevmkevhm@live.com,mnrageqvhjlzzxgdpwioruzoxkvpfhctgthtyzjrfewiispwgwodosrpgplskirflnqkbotjlqmeetmtwzgdetyxk,0,49555745
opzappddigualqo,Charlie,buxtzcymxjd@live.com,yndsmryprcchvyfzqkbksrtocacakqopvvkmvimeyqotgjaagqdmdcrbycbkrqypsilrdknfzdqsxhfbkkvkzsebnberajgeanxttctwapdsxyuriy,1,48655361
bzwuhnfzhycxbcf,Jackson,ylnfspnvvodzek@msn.com,jmrhuwoazlsxartnpejfrwqoyvivjhwdhxopshjxxcfkwvbwalyxwwpyyxv,0,29145837
eyhebbmormdbzfo,Gregory,wywykjdkfsf@inbox.com,jnrfmqypabgpatbdkwsrwystgvkzmzxnakxhnsxgwyrzlsqnnqjlrlmyfnwggwpayekbghxcrcccdcezugrooqpmywynnlhhsasmjtemwvfypgulnnugkaeyioqqcmbqysdqiepmtpddibocprqhbqenbpwraamfcakccaveqjqvbwsbgbcbockoubawoyka,0,35398956
tpfpqebpqwmkclw,Derick,pgrexgvuwp@icloud.com,qrdznbksomxvgefqgayogvhripurrahqnwangegorptpibkhztwwcpdafapeubydyaeaqpfjv,2,9500203
lylehbutsrkfdxf,Manda,tooscpvszbvd@aol.com,lftekfgncyzklxerjbbzpgaouhikmzznxiydfuidihdoirvymjkrukbkigexnenvlajutmlgwjldxpuvdvelelmyrynfnyipugltfwznrpnzjvhjmgmyzsnfkufaexvzthtxgbgshdxatbmiufdzlrvfngkayssldxeorwwhmyphezthlalxonbxxlbfzyvsnhkjt,0,81810847
xcbzbowycrlvfko,Bryan,pgllqgwaivbdene@fastmail.com,xnystxfdjxceeknhewczlnymlhkamwrsqvgefuslxjhqabgbvwtucjbqtnwaqanywgbuxuqdhmurxzedfkesunzdlkpbczefcfmsmbfvxxnhpznobtcwrbnejhewrygydykjwnizpwpmuidugypckcdpcod,1,9706236
soiozdmzofxnnps,Gilda,ccoujtxmaobbec@mail.com,yuekswvscgnlcsofnsbnoklpzrozcdcgbjevwsdsbjeamriegaleqgwfaimjkgpkutdgxvsegkkjuwwhzhvbbnaolordacnoewczkzyajoczjjcgsqxbxyfc,1,32840224
qviqphsqowlqvxv,Sonya,zebcnvyxyvi@protonmail.com,evfcammhtawnvtrrfojsgwufwqturjrmlojftvoribmtlgyplynzpbponyjfpjlptpubcpdekxynkdqukaemjzwyvozgjfpvzhhkzlifkgqce,1,71853749
vdgztxyxfhmcydw,Jesus,kgzchhvsojcp@live.com,imftvxbmemiqozczjqjmvdpuznijumqxayjwueddcizrjcllgqmjdkigztxprmnzmbncnqhczldztydfnsekhgwwjwlxvzkvnpmhmrbnzqlqduxqwqlglausbwmcjhftdylzywqwrfidisqflhsnmkldrwkmdijeytuhnjmvbbdkybkx,0,73377435
foengaajyavxsgy,Skyler,dabyipkpetco@outlook.com,snkpemoiczcyddhwdxpccfjwwyibmkubuutofjcvvdawdsagjtgeazshjsopxicbvcjfhhnpnexiecluagtusarxpjunutrxzvbbxhelqujmbvjghhyzwzmsheqlbtufacojkeqjxngirgbxpdvtbq,0,79585780
latcgltydbbubpu,Hobert,zrmypslezj@yahoo.com,opwinzwcarsldegfhnhzwufdextrvuvsciqqlkkeacmjlrianwryctimuaobdldwgnxqrhirxbztonxkknyha,1,28550624
mdibkjnayxuvtxb,Nicolas,hxkljhfvpubbgty@live.com,xuahfbubwfatkjhrumxstmutujcusmitzndsggeqgiuptgnuqhempdifvtkpetgtqbvfltfusryrxrhpfayamahwwzdntahjutzlcgfnwqepibiwmslsngcekljzjpkc,2,59872209
hdahnhfdtjbfsvj,Marie,jveolqcdacg@gmail.com,zdzmujxtqzasyuifjrulompbbnxtuqhhjxajvoruadaywechqgngwfarimcfnthoehgjdfdxeyymijcxxsydbrjbblapauvcnoiggdletwhtparxxywuqfrihdmjtrcmomstegqrctlaxrfhetdkroppmmbzyauiwpyggsmdkgpqxeoosuataudxiqt,1,68860927
jauydkfzuhccrjv,Vinnie,hweqzgxcyj@aol.com,mpgpdcqobnviowemoutdcqqyinarsqjhwyoarypaokxfhwnvacprkmyeuavtssoyqtraltrqytuieijmgvaznwhjsxnoiqyyyxkezkaxfkdkwjunurybwracgnleiblocgkaietmafhmwrgnt,1,17784180
cgsucyeghlbeuma,Carrie,teexhpfgpgpvwb@live.com,tjfctkfninxlhfbvqrcyitghpxzkjqnjdjbuyxtspofkktwnjasomxnkwkqiatkxfkdlsoplsqde,1,19673501
xvqiyrkmvjqbnyz,Jamie,gtdwrmvdcvo@mail.com,dhnzdespbzkfcfihpznmssnnzebcaiotmrhheajqtefywbgdjoziaharcuzuraijdugtvs,0,21990361
qiilphbifkbfmqp,London,xpqduilgkvv@msn.com,nzvadnimvpcwgjmfuwcrjdhxefeieoffasefwbmqdzzyrgllpisbsqrmxukzkhej,2,76000821
mqzwwzoouibypew,Mason,bliviqqdau@gmail.com,eypfnhkjkdyuiiihflrzorqwwxzlfhcghnrjwfvsthidmtogznnwrvitfcgbqfzwefvgxukwkftpoorfpechrbemnwgdlrdbhwfuevyiicrlnotccpgmzulufehihjnzatcmcbkzkksmojziuzgzewudifpqdhcatfaohbuquubctuzdwbezvhrrp,1,85099572
dgvvynddjaacatr,Jamey,jblcuhodqj@mail.com,nfstacslhxwgxzvdlsyitslcbjzzmqqwxwjjykxipdweqymgzdbaxddvihtsvyvjduyylmhunomqkygogxbdvlksombcsqvuivovpverlwprhdoibscvkrpxuitdpctstarow,2,73112992
lputjvrzgsiyoqh,Laurel,unwdzlcqbzqkaq@zoho.com,rfyclzsngmctqthctgawherwdfahlyknimxduxuobzzhwhjzgmxkjxkbskgukvcnbedegimouorrwpzkrnqhfyvpwytb,1,26600051
bksfzheqeknccoi,Alvena,tvmccazxso@inbox.com,tmvqpwecuqyiorhdfackmwdtqoljaxhdiubnwnkpynlycscgizlqhovigjqigbf,0,97080825
qyjdlhphocarfgv,Hughie,vfwcllurawtkqa@icloud.com,htghwnmzkxmvbbafgvbothjrmutjqddmxvwkzghrduunuxynzgqgflcbytmaybhndirjdgkgpsdwfvrbybybradorkchfjcsuqbullcpaypdeqhtynritgsaeyggdmemctnpysvdxq,1,40112134
aeyymqvjvwxstxb,Rufus,syqpjkmqexw@live.com,rhxitypgtatpbasavplgsvyhwyjumbutkveykrmvbydmzxjdyrj,1,15666281
igscptgsnavammt,Icy,llbxmbndszu@msn.com,dtgsqcvdliwixhefwlrrbulheqxqzeojqetkuesnpnpnseruvyplqobnshxiooxplckytuxinpbrabbxzxtxrfpeexhygqmchpcpflnloanioctizsaimsnazalwaioqxhtkzqfkxnpksmsqabtmbhkdam,0,67073062
dpeyuuaaearozlo,Attilio,nernhhrcuq@fastmail.com,burorvdgmwamzzlumlgzurimddjdkyxxlxorxlbtqxmqyjhjcjukqxkubpsfhvtapozoghosijmutiivxidsyulttsnpdddllksocglbuscoptkhynysxpbmqofpvzvkpboujgkrxxnzgjlvxhrmfbnpzsfwoapictjkuaoyhhbdvktkwt,1,88639941
zzaqcbxqvqjppox,Felipe,xofdyvuqgmmujl@fastmail.com,ceytykwbtpplcebqulwysspsewcrrrqqgmsaqfakhipozwvdgohrynhpkwtghnhiphrukdguuiytwrryqrqsnlpicanc,2,69841287
wceeaqfhkghcvsp,Blake,cbqaueeddsodmp@icloud.com,ozvnghynffhknlfjkyrgpdtwjordconodfmxqixwmatytdknxqjkhcymczfrprcbnxypntiglvvuxwbmzggfemywogbrovixpsfbeqomopctezhhpsj,0,17912274
wptelonsyabfwsv,Vada,mibdxyujroekxul@inbox.com,dhyudqbhpcjtnugqfbtndhrghijoryqdbdhztgqlzdsqusxibgdpwepbylyjikzecpxnugtllzsryalokndtyuqvqmirykflwfoqqgxjoehbxusdaazgipudnlvwsie,2,50262848
tnvuckkzcdvbsbh,Alvie,ncgmfffhqt@inbox.com,rmebpvjebbcqltzvshpjidssvzdgiqtzuijsooebarizuophxeovrlrpogihgjdsdwxrlgknsznwhzmtmjiqansrshytnvqualtjntimh,2,69835425
djhmahenywuqspc,Clara,eekfxqlvic@fastmail.com,fmneguvowioejkulusvzmfotmvegosuopcrxlslrfteujvwfpcamxxykoovhcqnwdlknzxarbxibepmc,0,90927442
dkvjipjygekirmx,Garfield,jqbcsqgizzxhwp@outlook.com,qtxrhtaybyjepkmqupehdjlvjzfyiauibjqdgqkyzmrcucteovelrktgvhca,0,86979240
htznhaayybtfpyk,Sabrina,eqmafpndyzcrqyz@mail.com,cvtbyjmjbtdxbtdynvcicaqxxaklzkfveaxrkamugbvngcatyuxefctjpkfbxodwztrnapuqmyfhoqfosjqwzd,2,18354705
vpichttteuydsek,Stuart,pvyhupobjczq@yahoo.com,ikseizafknfvfwlibrhhwxcuaciudgmakbatgwreiwzsqdymiluvleyborxscnverqnagwacsynyvbkjhztkytacwhdvisfcwjszxrtpecmqcovzjhqevuzruurmvuqfwowomlk,2,41245189
krpsswrabcvjrni,Alec,vpsotnvazive@msn.com,toawaozyjynkshihubdmhkhmdjirrnhbendphcjufzrefcemueociuqhc,1,13853094
kbvlirsswwjanrq,Gannon,qettsqrftvhc@inbox.com,iitstqfywabuylhxmnzneleutydlkidwhqizjznlmvajuyuolfprtqbwzkjtnkglyuubkrsedwjbzmfvndostjvwrlewljskmnfpsftoxaioumgkjboxnyljiezbnocqlpbkucaewnrieeudkeziqemjgbewzpjklwjbo,0,22176561
akjspmbvysampzj,Glenn,vfhnafewumaxao@yahoo.com,elpuryycqoiaewawttytgujvdbfknfjktibjmsfbqiztqboufwtdolwmxjfgaojbafnxkkhd,1,92518223
wqbcddczaootnqu,Patti,ivddbtzqimsbzw@msn.com,aafyfccbvtiwwglgagxwbukgozrlaujxpfksqrhclalpbixcuroqbrplbyekzocazkwwoeqdplcrurqtfhpfelwoyoprmthbfqtohrqjvwkyplnqscoodmocgdjcuedmnugqtrwlslurwwfnpvfklgstwasbmzdpjwzmuaojexlsjsxg,0,92344076
pgkjswetebrjxlm,Rodney,jytyykadnaxgcx@yandex.com,ublwcagkbbevhevmaclflaazvbnfhgfsrdhrtujeqpwdlovpqkdwddjrwttssvzbwbnigiflaiyrdeqppgnuqzknkcucgasjdwbsubrssxramoxrajzlfkqtljlzvekqfbhisgqmfzczes,0,30906783
pfiqrrhmmxwkvcy,Audra,fwtbinyvewe@gmail.com,oiyzecmhfwcptrfjluotlkliiqefjuucjvteyskgcimzbpfucpfldbhagwqxkzrnsxsudhmkyighubhsp,0,76243975
mqoqytcprzotcoy,Drew,ngaiforgtgqp@protonmail.com,dhgfsqzndxuptkxmgyzdcavjowphmcjqbssjafsubxnczmijnwwuroogggpwmqmvhnnyscsmvkmrbzhijpypfmceoarkpdwskjsubqllxrdtdjwfnfabogylhgpqyzpgvbsnsxqxcpkxyshbhduufrgygdxwafxeessnfelqdytrncljznmjmbumjxxhqdgtl,0,53149922
fwkdhxfcplwdbjz,Kate,agzcupuprgicffo@gmx.com,ynzdjeijlgyhaqpaoxsduswfbtlppfiiftqaspuurtbpdnafqfdnuhyvoewyyudtrzbebxfhaomkejwuqrdzhflkfngmxknihmkryfbbbcipefktvycqxeyasioj,0,51699223
xnotlconckkhsdi,Nestor,msqhuxjlkjjplg@inbox.com,ockqtzzcilmcawuhgxmhzfofejodvohalrbezejygonlgkiizfdpuwitebrsaretwyijolhpasedoevmgtpsauzzahotpoxdztsjcefythxlztzdclizgnfwjytjxzptnimtgmovbgzoujwpszhretwbwhvjbsjpbzzcytfgogxecvnfstqwzwlfas,1,39413858
lrgkwqalzulfxmu,Dennis,nojdbidyxe@hotmail.com,zypxmucropnhkjvgtrwmzvxhfctsyojizfsyuujjjjwgpofgktrjpktlyfkoaynagndjifexsvcjnvlsezeugqvnxiudqgxtzebal,2,89727564
rkcydrxbverefcs,Sanford,cpowxouwupjto@msn.com,ssqcwnkjtoytxmbnwgdiqahwaswaiuttggujstdnooshxojunvmtdgmxpgjjmjpkrhogpmkzcvjfuikipdjjporfludfpitghytzbonttbvnojclecwshndnxskugxabytqtqniecapwlxxdo,0,62925352
gxixmtpbzatldlh,Benny,hnjfxrfubodnmo@live.com,zwzaxvzrxyomoodwboajawqyzyezdhmewenzdsujodgeahqxfvvoeizxbyrlvbumxhgtdjahanzdpnrwbjloekmyhtwqtxppwdmvtmkmkaoah,0,47684466
qeelcuaprzlykep,Reece,qjoykynethoy@zoho.com,vkfiaugvktmgxyrhfdfjpeopsztvmctcqoybbbhkyumxqssolaxljouqakdbpqkgudmjzhtltojtxexvktfczvzuzcfapxhiitymzonobtghmlaghtenobpltbjgijoqvkgbklmcoiwqdwetmuyagsyczbttekmxwhlirwlecs,1,28814199
uqzosnbeoiiivlf,Lowell,vjqnzgbngahe@gmx.com,gmciysqczxigtmzvxzzblxucziacxqtfgtxpufwkayvamskrlgiuoyvkftlplpwtililcihxlnupanjofmdysshvmsoumdhqhfwevfvespcrdpubcrgdpdcpgcbqdusuysjhdftvqkcyagvzvarlruzovegglgenueffdwavcxihxfcard,0,73826845
ofnxubiiguhlast,Tito,ajhgckvxijujv@gmail.com,xwfiqmtkkjfzdjquzuthufuvphuochqbqrrrpllxkiirybmrnqaetexptdnzzkvjkwk,2,47073837
cqjvoikzbosacmo,Kipp,dxpuzqdbrb@msn.com,hsgdzkayxynhckimwuwqbrtehnsalyggvoymhvdailsvsotlyvygeyahkkytjdxppjeiksbqkrmuckezsbzzyrewwk,0,2319777
arzzrururqsheeg,Howard,nkecdxahoupr@mail.com,bnunokowttkgmmobpolhwecbftkmjruomsylgxkvwzkntitqhpgzqqwezhmtrjlzrbxztmuqwtkllorvqgltnumqafwsnepztsesiegweimpvsoacqmfklvrmttphpetystivctnalvbcuxpigoufojtskhjeqwnarntbskzhkjjhfbtnecogbcsuowj,0,4395606
uxmroyzjfhezxdh,Ramiro,iucdkjuystm@protonmail.com,mxscyhnvuaovadewbgqzmbrnxkxndhpzstkymmqdrmaglodlcsmapuygivyiqmyxfycyqsqqmbpgnawuqewvnhlheildravuyfbxeeiwwmvbbimxkkrfxjdgupvcgducemppotzcniolgtxxdjyemysedvkuayjryqmfiabdmputa,2,52373470
fkottvvvlffzroz,Constantine,ercnyyqotmukl@outlook.com,wcgraeftuztafmjapgomajmyzylwuuslmahkfororsadzdaqjyanedqquairslvqsgioobjjunkujxqpdlvxyzxrzekdpvsbzsswqhxzcicfoyozzjeaxhhkspgapbqqleuzbtudxphsexuhbizeqbljzzahrgceisqdi,1,75585686
ykasxxbruwixnqx,Jules,wxroubggtbjlr@yahoo.com,ciiwxwimpochssgvygvdxyarzifvhlqzyhljjhzqbaoiszhhcownwdgctxvsmqvsxgdbgdmjhuzzvhchqmwhavvbxerclnvydfwrfnsbkfpmqriqwfelwykquqphluqgruwbuxevqaxnzwfautdlvoifpfhkdzpaqjselaeucckflkmhdcg,2,30266374
hlvhnbrkwqhziso,Lorenzo,wagwlnqkioo@mail.com,jpvrlxmodqvlhlyelmytdcigumqaphjtsfieysfsrxflmiixymuctenkewnlcktffldpstafnwzhgfbjqucwgbtzrqoddxxybmsbrqyncsiamfsrabpswsinipuzmvpnpjyckrtbfkzpkljnzihlsksepebxrinuuozh,1,61098305
qzgefgtrdxyvxxj,Preston,kmpjmmvrigag@gmail.com,nvpxxjowmteyuuylanjdhemjnulmzfsvafodxodcnqtdcdfkygijqwpctfsvkarldicimdllembvotbwooslynhizhndedohrxxqcujjrnctvrtgwvniiswmvnpxcwyqzjrd,2,17795889
frgstjmdkwtwdpu,Foster,yxsptgbnbiwbdw@icloud.com,zkylttdyonaenscwiwsuhuolzikvpbhwamcfnjgpncfoysimcupkzrfdwmrmhdjuhpecbzjqykzowcznzahhprxqdxmqlvngukdfstwhyttssbzmipqcxggnq,0,98221972
gmafxcovxrfwxmp,Trey,zqmebummywox@hotmail.com,wthydiikslvynspcexnwanympypjecmsbssaespzcvyrnmvnbomcur,1,53386527
dvugqtfvncvpqay,Lelah,lmmxpkanveb@gmx.com,krbbimoedfowpizxlcrkivkmjebdjxavbetbpwqhlbtwyoylljzyoxrbhqfahjrgvskpksssiynlnknueheketdzpduystnbutoaalwsekzdgvbynvpcwyydoutxhnxwkb,0,41799834
xfoahejpkfqswvf,Donnie,atgqoojanymn@mail.com,rinqqhroblongmjuwzjqqxbdjdhlrokobxukktprxalnjnydhbpnwuqwqozrsykgrgqaywfvxdzuzjjperygksxcewqrzhkebegzsujyv,2,22109605
cybkgdmfhpuzirc,Martina,vdcbnepavlqftc@msn.com,csozsurwlepibywbunlbeeikjckvybhxgiyhpxastkfqtwxukagjbmmessoppclssdlernnbdrppkfurlkpjnfxivxzmoelehjvregrbiihcdrfvowfiyi,0,36863223
sthmczmhkjgwusr,Marceline,agktpuycwc@aol.com,uormoujngrqarpxqtiiwmobqupbswbffuxwcyismygxtuuqempmjrtbgleoctcfcgyzaaekvetttkepafmxrkyggvpzzineslmybuoyxliqjxgxjasgrqbwhtljctcpwycsihprdaiufpqxrkyytczvronmnxfmkmkyqwpsgwlyvmlekkoncpsmb,0,61254168
ebzqwvnulheddxe,Payton,uxstybqbighrhlk@inbox.com,xulyswyrtjdhkkzvuebrdftpcpfqsbtonwgawoeilvbwalvzdgslqvivahragyaxutwivkjfknbhhdrxdyxtjpeiuxwjegltwtarscgqxezwxmbjvwubyfihfhrdraajfsfymcdmgjyogeboqddof,2,92859166
uiabxfedeyxhrix,Lennie,xrsnxbjwfoawm@msn.com,pfbwhngpmzwmqlfmzgtvkyazfgqfmoqmncfpgwuflqwwxadsqzrlooxjfgacakdjvybgvdzxzifielawauupkatchxuethnwtursxitunnlklxdxpdlgvozegjqekmyvwvlsrdtkppepjwuridrhowh,1,36319233
whivkogjnrbkfuw,Venita,rasyethbyye@gmx.com,gwgihynpeztxioebitnlttgtgwsytanmzsuvofqniahtsdszxtanxftxjpsfnnsmoqxbmditngodzeremvyaxuqczsmkrwydqrgefgsnvh,1,91342960
nnvfwavwciuxwdv,Hetty,elawxvstzcfnvp@gmx.com,vqqahausriinrhnjxjtmcqzqegrxxgjvrlwupqxmbyhakwrsxfifnavchwpbimdhezxzjvhyndhorvojqdpixurgbetj,2,30662154
zjvtlowrshwekxa,Marcella,tfmyehzpitm@protonmail.com,uourbsvxznaagrguuwbvrqtzzntbwocwvycobrcavebhepzvcypgfddpqkibnfwkhzarbpawskxnmnckkdqgmuiuhcxvtnvomdwxoshzfhconmivemapqvbrswnrzwhahrjrxzxraugyhqpcqlvfxuc,0,37219786
szlkfkqfsqqccnv,Caitlin,qgshyutlyoi@gmx.com,imoatkenmaychuuupnjdbuxmefkfqrfvpfyiaallugjrntkktudcdbndxoxmublgmaciogsezzzkxjxldiepytxobqvyitxhobdpzpiukokmcldwdsohajaszjpdxzljtpupc,2,97963456
vcvehhenfzinnbk,Adolfo,uaqlsjlzgexed@msn.com,dompjqxgmrdnifplxpyhnjrdydebajjddtlfamdgskxnhqequivwwgzunwewwcjlfemiqgzagqsdjibkujgsghxaeyjhupazqvyhzbhmcxvmfdqydkcgdlvzwdgvcomcqxxewwioirdslxtgwymkltcjuifhmzbdzvczeb,0,77736506
xffafpmygnqggqs,Dakota,karjhvbjwc@hotmail.com,rmphgamikaerbnginfveongfdfwtblebnveeivcakmbqlicpaochwegabdbqrrxxezofblpnglfjjstrnsmtfquabmcqanwnhmswvktbuuee,0,60006946
wbmmkacfmokcsnx,Haskell,cedprhahgvayi@gmx.com,hmsxivimkqndlbfehneeprxpdegtqdcctoloffnqmuoijtzrtxjjehndldxrjxzmkuzgwyczccevixplakkayjdyrjzfjtqytipurgpckcdkfkifpwrzsejvheuctoyyhofzeforpfdqkzpzji,2,30368734
hdzqfknajxamhdd,Jeffrey,kpqwujpxgrkchjm@icloud.com,cfskeivdsfedapgydeqqtgymwwdvjuougjoqangvqeqmfudvsonhwmxlwalyabhhocjoislgbjeiwubgdldjhqrsgtxchzrnbsmcyntnlhqzxjeynmvquoigkpypjdwmqrchfceulijgirdqwqrdgpbrythqzebtxfkagyth,2,70696199
qfqzvxumrelsjbo,George,qzybvkwfqfiucx@mail.com,gfxqsoahwvegbrguniwrcvlkfrrmemvzppcnfvitgsvjpdeezukcwpbmuxxqoisaqpqlizgnvbhcgyjykplnxnryecyivyuuvmhsgyqemapctlvxdrqfftwecplleisrexegduexqxnrwodudsypxosreemdbebkpsgc,1,85505308
ofgxquvrkzyoedx,Isa,yqptfttfckraao@yahoo.com,oppjjbqqpjpqdwxengqpqwbqwotxklvskreaygrohbgrnswuydqotdbqzxtvsbcnhpkvdjfcbtdxgsexfhzldflhvhi,1,70654232
jlrkwjioioqqfpu,Junius,kjttoiwgww@hotmail.com,uqcmlbxkcmdbwuihweighiqjuzmmlgxpahxkrkrwnwzefmuctoxgmwovgrsbifgvpndddldmhedpvwdfwkfzwnkhwcpdpqpdyztvwj,2,73709453
pledlhfepiuovdh,Eva,hyplidemurdbue@gmx.com,ieocyxdzfgzqnzwxplxbmdzckjwkwxmwarrgjtbbukyfpmmehlomoofxchppnc,1,24496335
asvaxdixxghenyx,Anton,zavgbqmakprnqm@live.com,djluyksdrqwtlijdwpenmrznbaenbscwoaqgkwnnyllasrousljdebjmgujohuphrryng,1,56111056
cpgtztyjkgdhyoz,Irvin,cntyfbdtrmu@gmx.com,qtmvcgpowvrlamcbwnathnaaxodekflbdaqczupptnrvfnmxeudvpfviwkntwnxybhnuprxydnjfddnaqeyixaldyzqbwzulxxunaentvexichtieftzauqgygzbmyakatloxayvixvvqhbuwveadicneqpkcrwsfzjtwxrefkphs,0,16903326
xfdflbtmmxaeddb,Margret,ilxxgnfqvjhs@outlook.com,cpjtwabrtzqzlwjrdeswpxgvgdmcxrfdtgniwzkprxdkaouooephleyagzfhweipcxkorqwqlmsaypoyrylcyfibszmmbcnqtdyagepovahpsduqfupjgupvctpjsmtcvhzzocbcovbr,1,56187907
ojfodpbzhzuoxpp,Noah,hshpsiqileqeq@protonmail.com,upuynanfuprgudfhqgsbyxgitutmxlpmchcndxueehtnijyrvlajpnuxexvosoikmsuimtezlrmmwxwgddlqbwcndclxsctpghvawrpxvumkp,0,60089488
lkmxofmdtabtzbe,Rosella,uedvjwqsfmk@hotmail.com,imgbztynodqwmwpzmsedfslnduxjgyovxzswgoqpbsmcrvxseawqqtlbzvpmknqyecqwgxjqdoaxzysddglzupdiwkeifmsvpvpebsxcvtfqdsqrm,2,47489201
nbawsfiayrnboqx,Orval,fbubrnvvvsh@gmail.com,qvnwnbzdsaestnvniesntbtsnsrpuxayfnrklvitxoiodbptqnrxqfcqbfwxbbnuzjafjrdzhxxuefmfkjljfqyvrdqdlhsgaisbgzykczifffrjayripuibashpesyhpyjmqzqduonqzezpyqudrbuflzhnlizrlphzbkamq,1,44452396
bhvyjepouebaprv,Clifton,jxsiodumuw@aol.com,pryruiguojluzreibkwreqcmlukaynlngvziuxfuvlwujlupavswaqrfftjwxvabgiomoxjuktoohplnyjrtoxsxyxyvbdqkdxngkqbbprwkhzlbuicdymbeanpnpggaupycqgivendejfqvrpbjq,0,95659635
ebnxlwguxqldafv,Penny,jqkohohqeykru@gmx.com,cnyyemhljbpstopgufoobfnjedpsqsmzbvmdphnuysgejnzqfcrykoiprlamlxrazhamcwqonsmjxenswobnfbddywflpmqimrlikrcdfgzwcugrdorufdafbhw,2,40140879
qlnxzfkjnsgzpno,Rena,oldmjdufpi@inbox.com,clsdmwryepvgzyqknfxzagmntnenglcocxarcygamlnuhkaycxfzugfvzfopwpimndyeewfobidhbbcfsgxitvkhngtzlzijmwnambknganepyubjbdswvdqkkbampvgogvq,1,25620731
dxukeefetwyhuzb,Rhea,vvnubppshbtt@live.com,qkeudnqjxfjzvytyfzbmkjnihkxydahukoyvadbzsdugcpnwpcbzuuitkyzzppahfevvgjlsqbmbtzegxemwvgiyxhnofpopiqupofgreagpnzlldtkwcwmzfccjwxsobghrcyllwfpzaobjeuyhwgmtazrbhwmznweuhzsxegxydytwmvobfdbimbmjsbsgkhjw,2,65938673
mxbfmramerroxdf,Mose,wftpzxhrpg@inbox.com,xkafixmeuwkkirumtntvakzxoamtlikfikssxwyrpziunlxtbcohtvyqphqysput,0,45192702
rcvxotpkzyhoikk,Gene,eqamsmpzsxsjib@outlook.com,exgndtglzfkoptxbkfbehylygldkvrfgdcapzijcbiopewdhmgiaojuakltheyhpmljxbohkjxxkmunc,2,96901479
cnbcuoqxwlzbeas,India,fvndgpfsna@yandex.com,nhwwakurykkhvnlrezrdfwzfzkzkdjbboteawdrtsshuimmbdrzkvlhdkttdfgnxeyyyndczadekqveslumymongbjcsgtnubwyomlzuyu,0,94480701
ilqcpjcpaguknxg,Dorothea,breddngyupebl@outlook.com,kearczffujygbphqdqmvtkvkzjoysculbkaymqgpgvlbsuksortwlykjjsvvjoryruhqnwefeiytkphtmomwifpijuqwrgk,0,42803361
gameganhwxqktgi,Vivian,egybplkfej@icloud.com,gvcbhcrhatsvrvnlgfmdppwtrwfqhrqycbotmghrjvjlaxwlkopcuoxanyomuaxcpqcktycnormbtblibylfpkqntiuwadhujoewrktrgnegqkgemcpztlnbvwmhrlsxbubutmnnvvpvhpyytizrwywkgnqvrkxrzlslvovuowqthirbupvnxospcxhccqip,2,394648
fguzmdpvflytyut,Grant,lwkibhopnfxtsu@outlook.com,btaamaeoftrqwviqtstjnudniymmgsjvnwlexegyfnmhgsixswfjlfwnvtozxgfxktwjbjiybhwntek,0,1588497
kcmbpwndvczzuyx,Jerry,udyldmqufj@live.com,lrqmmsizscujkjtbhulcccxpafuftkqssontstdmifsdldwykhrezyeazufsbdyuyvnbgbqutdhxofigzycktqvbuauiolhanumazuxtzznmgsqjffnmieoslvtytydosvnwhjgkzxgpcpwgwjohgijrdsdcsizpnqzqspnfwkcnuojodducdupkqpknm,2,20337682
nqzhdfaiuylissc,Cleve,bibksleqddhiu@gmx.com,nxnqhxrkxzdtjrukahiiaujcwozlnllaxusynpmrjcjetncvokzdqpnennjkxpzyxwmqcyviylghmgqjgadjznhfbwpltygzerhqperbkcsomyrlukimfkpmqonurdwholrdjvxwealloacxbppqazz,1,82616550
alyjscrlqurjtwb,Roscoe,avupoqwungkf@zoho.com,ocslziampvysjkrdgabmdcqhqdmhmqgdcgtrenfxjyjbdbgkwpmjzjidkjhxchskhxxqxuhfripeadbvrndiifqxrubocvfwyhuynst,2,30735603
flpkgjbpydkbcbu,Sula,antvkqwlmlw@outlook.com,gpvwnqnazfdqvwpxkuloyzayrnrulybnyhflshsxjexcuixoawbwtmphjnegwxpnyezolodxhgcrbijswpxwxk,2,45382227
zzhqrkclabskszt,Luann,xqootwyjugb@fastmail.com,kdrxninycvmbguthvcgbtzhygsilujcyarnscovaacmannecwcbaanaesrvdpvwtllkycqbuudwbsgivssjubwctjzuvlnvfttdujoegsiimwhppkvzchoxwncvjwpsfvljgh,0,40334286
manudrfftlutvfg,Clifton,mvskajgewawfyno@icloud.com,rtcvkwyfqzssogjdtzcnhoczzzqpbesnwcugjpnniagkwihupvcrnurjhbwywbznzfboydrfbrlxdutibxzfctytuikphnjllrnguolacfnclrctzisaqdljnabvwgrffupjtzdnhgdf,2,53798127
xucjcggpjpoupqm,Sheila,tuqyodmnysaeduk@yandex.com,ojikeeixkovfptyspgzdplcpwxwruhoqyfjwcugdayochruxpqqheugirhlkpddlfzyxroodwqctcniirncadxmjtkyvfyhhqubgdkozjjrtozehsiuzygtsfkzljxkoxmdehwuhdon,2,3181031
wntkxhgdaxdpfrn,Marcus,cfqxhircubyou@hotmail.com,ndomypikwdnfzeiqcrlwxbqcttipwfoytqhyojfbabwomnkrixbtnfbyuydwhhyrtiisaiectzihqzxtrkoxfbetgbimjbmgugypgmpeokpqzuhrfqbmtbzzxvkinjzyjxdcynmhdlndedhgvwhzqsxiskgrtwco,0,9746292
ijxqoosgvvowaye,Golda,sgtegxfgmcjyb@zoho.com,gakketrvobyecqgdmplicshyexrvdrwmlfyggolrrvduleqwdtkhipgwekjczevdtctnfsfnjkbcpupiecwfentcsrcu,1,83435296
xuuubvscdeqnvyd,Janice,tsrsntlqttsnq@live.com,lqobfufrpbvgkmqdisgbwnanptokomeieeglkcogvywftfxoyfecsuuwiqyvskfjfudakgvbyocbedsdozyqtdiptux,0,17762991
uvxcfxkoytheveh,Theo,ttvfebjtgffhm@outlook.com,etbswqxmirzxucpmclzbhkrrkfcglxbzmcuodqnrkbrtlehagssjmzglyqebhhylweksfcwxwjgwmehiwwisjmmawvtanuxembzlzwuauvypchjrruroyvtopiaduzxgkidorlvrpvquhikjqaujqd,0,94430172
pgvylxpqjwppchn,Phoebe,fgturtaepnoyhf@yandex.com,sbgdmdnvslimtvoqsforucsfkxdkwajtomesrpeopunlnwrypsdemuagnkifsyifmcdrxajcucyjaxrhryzlumevqq,1,12909646
axorpkonfcmflzj,Ira,icjkzoefuwjg@aol.com,xmqpgtqlmsrrfptlbufhzuwaxulmxcxowhejkwfpmqfghgiblhbjnfisbmeyeocdayg,0,38944297
riwwgbpkftkqqyg,Rowena,eujqrocqzhfdxvr@protonmail.com,jagqbhgomoezyjapltypaxepyjwnchkslbemjngimskxfxusjirvumalnohsnvcbqvfwqwyymdshaexzqaksljxwdhniimydomtmzvgzsepqnueleygeonxayfsgdsimojzuqowijespyimifctfghmijgetrisywlcilacgwtidwcc,2,53298673
bvrsyycgyvhtzyj,Breanna,xqsgjkvtaxe@icloud.com,bkrtsivosysgwrqbbapinopkzfatopgwvexapxdwwsespfzifqily,2,12775469
nvhbccywblfaycu,Junious,ujjlxpauaqbigdr@yandex.com,kvqwilbskzwsimeftgjuqoxkiknzgmsgbbdagapsbrqofbxubiwglipcmklpgslickfxnvzbikkb,1,96456039
lpxftkkgjitooub,Leigh,nkpaozwbtllnnxj@hotmail.com,zeklsduygqlzyciarljhpyjwwomyuqqjzymdewfopngglufqiwnxszugnizmtissrggwqtnzhoovzmcizjbrvaxoiyqpnwtjknawcjomftlurmbbbckleyfedolrpjpgfkf,0,96232684
cycoefubkiagdsf,Carleen,zsgpeyrzfdz@inbox.com,zaeovofbggycayopcemgmbyykjnxqxxvzymvcbcdsbmsjaodrdogaiibrdgphgxhvflao,0,61743346
zlfrialanrkluas,Ellie,vyqjbpujamosda@zoho.com,ouhisnzsbcjwgsefnhmlqxwewiuwgvxbuvduetjpnhbwniadsimyjpyioovmnxgewcogkumtwfjqmwrlrmzdrpxfjkdvlbopvcesobwggthajhxyyyfvgzokxldrvnjidzxooxbjvaobevjnnvkftzseavvbehssxsxcpcqigicdseqzdauurohknbzbvgzfjqmz,0,44180450
bwbpazmlrbdsvcd,Robert,imukodtybw@yandex.com,mdubqpsuotsrbxbxpcuxgnjivkmsqklmnvnpeqnrvhpqahdippvrqpoyubhfqgiufgwfrlgqihsrvmqoqfbwlpjlezjzgnumegujhqzzoxgquhbszrpzcyzrpxdygp,0,84186165
ocgsvxkbwxblxcj,Abdul,xxnojotfhgxe@yandex.com,xakfchbzlbxgvbsibcjjgzdukopguuigfxtkjpqeqfdtxzcfopzmlrjeknivszjmexrbkiizieenzgedqwuwgifcvevthbodlmvcvgddcmytjmmwnhticanrudcpwujjppjypdoxgkmzmqbsnmrfhnlawkwzvtbep,2,77811509
pnrwqukbdqjgoqi,Ali,lvekckaqfagho@gmail.com,gkemxpuuklinachcksjdgwoniohjjpdfdcqvxxshhxeafurcmsommvwtbosycgcqqffkajjixlyqmetrijgkhnqtzzalxvquhhbrfnjusulmzoxjgwxtlujjkigivpudnicrbsjvxwnbegjhfcqjfhpajbojelfzmcicnoffohpbds,0,78260266
fmjabopidqiqbre,Pattie,fhtaavvdonvc@inbox.com,gskazmqeqdsknunvdimpvtugkrmvnsakevxqsijxmylzggxyvygbezufhyxqtgenxperqxmnmscdwzxnvkxfrrigpktknnykthxacdqcmegacybbvbvhrwslbdcaqeqyqqhi,2,95116577
sxvvtsqvptsfcbt,Ila,ckqfykzmnwnezd@gmx.com,clquqdwtegmkygdyxttoagexubvhfdyajmneahcmjmihpdohrbjsyzlgiiwhezropihppskmiqoaadcttkazrfjcsrbugqdmrcebzxilzujjawxjszmtmygvpdaftgslpfizjxphvchepntqiaxqrkyxiholbpvjbxspvkbnvnngcmcugbnskzfy,1,23034641
wskbtldjcqbochb,Audra,cllsghgsqv@inbox.com,djpslqdbeeyojozkjhvsvuezmwcbiofiibwdrgutognqxnwvxjldoclmgnpoejoifdtjydcwyztlzuboaogfwnwbmzbtkdatwroxikebybsrliuvhcnoegbvoynbtyijonkxyfqffgvzkuhlajokperyxsnmlbmrbbakyjfnfjxnvyxgozcrng,0,56017902
kmpflgwhgwxspea,Columbus,ikaggskykmluo@zoho.com,lvtxbyppjkwobuizjryhkcvnbnixnvtcetnwljfdbjkmntrrjczrrzizueaz,2,10280133
ydcutlwgnoviqbn,Son,hipajlueiyhia@outlook.com,iefdlwwxhwpsasxlqzubknqvxtbjkzejdckhhnzdrqbmifjicdyufkaswkp,1,75055510
zipkvhwqbrryuqo,Gregory,yljbnyeznlqys@inbox.com,mocjrkgfxjzzrbiqmkeptjddhpedqiybqbuddkatrgkmgusbcataiadifqbqmfeglcxbgoydvozhrqctzrkhfaeuwtghigsllvstvhyfyyjjbppmozccokypaaqpdhxksxbehintzamawtdk,0,74266118
caecqbqpilmsbem,Floyd,lwbfkdhsshxnwc@mail.com,zrfwiiyefyxckztsehonegtpcldpuvfbhukfrgdayuwtkdfjqzclmzovogcdmaehufkglointdhiqqmsafrdmuzlcslfeogsonmiwjxkfvxqsqdskhibbbezzcujimusrwqtdpkgt,1,23078854
tgpgovfnwanfmvl,Ron,rpniglrjdjrrj@gmx.com,fqdoolbilcxrexiicagelcovmjhlbhpmfhbbtlwztbxckkbzfamxgleskcbdqwiyoirzkwjtovjepwazuwybubzwgctbngakhoexivhmwtm,0,57959411
rjfooblblmurxkb,Loraine,flpxhciazo@zoho.com,euxrunnobjlegolyxaopuafzgrozsbvzwdlomqcxvltaziwibvifjyrtdfzttltdqfvebdpiikvvpovsuwirjbjuoqhkzrtajtwnuyxqrkdhi,2,57406434
pjjpzyymnayepax,Laney,dnsfgjpohe@yahoo.com,emkrfucrbmqyvzxrdkqcafsffsmsresojtsuaoezxjbmrnlifeutsjmftekhthnrzfcmwpstpbxfrhgluehlihtrtfdxxwbavxqanomqdptkxacchaaejrawczwgwapsnqnmwujqtrixkiyejwiwldavjgnoudpapxwumrlsdbmdzx,0,39851570
rvfwksvshhmmumc,Jody,orryfswdcic@zoho.com,sziglxlpoyraqyyxxhgqckzutusivpspfluruuwfinubrwtohxwlxrbsyjpegjrkknamqhshjmcvqlaarywqctfqcffumfguaylgrcigllhsushgroivksrhbyrlmtmgkzkqupdnrrmoqxdferjcqnfufexdxvygzilgfyn,2,40417718
irvjyyycimpmayu,Heather,znbuvsdoeop@yandex.com,ysalkjrnbgmwimlqlzgavcvormmohvcfbxisihaqqoaqvrpaugbhlzhqqcyjmqhuislktswukxtkhkmigjlbldgfqtzajysjjlrypuczqryhmczfhrkefzwmvhwnabgj,0,37968614
byvyjzixdtauery,Evie,cucrzbjzqajs@protonmail.com,nfvoieyvsgasngezomctbavlotdziplwxottcvzwrozshmwfkizhtixoitdujrjnexgyydydyptrzacwvalzjckddnlbakykpzqweowxbzrlsiniszjwplydmueklvvcjbfpdptkilblofhxtuinctmewbaqsqzwbrzuuxtadgzwsqkxyfi,0,52513777
akpsgaqwyvmhmaj,Anthoney,etbimnicancdv@fastmail.com,qcvmeansizrkkpkdmjnhinfbaexnvxaynnmllyruhxlzqflkyvhwimkanayrmaqvjeniucjwwamqywgcfaiyfzlaerqvuksifrnhrkzznoyyyjshkygaykvillarzzjdsklwhbkqmrxbeeajshvnzxcybxhupmozgpboxtbgxcevrwpvuzqeycodiermiavysuw,2,96749821
laveppkwcselugj,Harrison,scwwmhhxzvlqy@yahoo.com,xwyrlembjwiyalnteslsukqnydueoasclojqfzarlyekqfdzctwekfxnhuvuxnixdlktgoptkmzprnpmrhvsgrnsovaifuehpjoyvfdkskmmxqorxecadxjnjapvaizoqskegowupbaamjchhwoddsllwtlpppltvaaxtj,2,33015081
ywvpmvxjfigpubu,Marlyn,mjaxrcqyznfbk@hotmail.com,enjyykduzlhanlkgjapozmafvoxoiiubumqgntwfoeuctmhsgvirtmrkgcpyoqsibfajplstfmuiaviforeckvolqvnnhxnwmcbhgjzdjvgegttwczkbfzwupyovqddadbqknyrzbkps,0,10397009
rrywgxqwdvaclsh,Lia,lgrshjkwmuhwdku@aol.com,nofwbqnjjyqgquftszoayuzqmnviwplvgwntwislranlcrgufmkwiypqxayfxybjzcpyjcytlazszhblkafpdqmpzulzzyogijdzmmswfbqrnlnfghyjvsuyyknjpzhadxnuuqdtjecwzlsqkhqpgyhloqjuuhiupskqnqaglsigsuqu,0,87651270
wwityxfunzjrgss,Kathy,lpdtservghx@yahoo.com,zutyhoevvtpcxktrgxdmpkdteuwdcjfaxqcmjknbznqhvizlgjjsrqhlganfzhwrzwcnwpxpjldcrlbegjgxclctlomync,0,51916459
